Feature ID	Taxon
0	d__belong to a (non-viral) species with less than 0.01% of all reads
100886	d__Bacteria;p__Bacillota;c__Erysipelotrichia;o__Erysipelotrichales;f__Coprobacillaceae;g__Catenibacterium;s__Catenibacterium mitsuokai
102148	d__Bacteria;p__Bacillota;c__Erysipelotrichia;o__Erysipelotrichales;f__Erysipelotrichaceae;g__Solobacterium;s__Solobacterium moorei
10239	d__Viruses
1042156	d__Bacteria;p__Bacillota;c__Clostridia;o__Eubacteriales;f__Clostridiaceae;g__Clostridium;s__Clostridium sp. SY8519
105841	d__Bacteria;p__Bacillota;c__Clostridia;o__Lachnospirales;f__Lachnospiraceae;g__Anaerostipes;s__Anaerostipes caccae
1099853	d__Bacteria;p__Bacteroidota;c__Bacteroidia;o__Bacteroidales;f__Barnesiellaceae;g__Coprobacter;s__Coprobacter fastidiosus
1127472	d__Bacteria;p__Bacteroidota;c__Bacteroidia;o__Marinilabiliales;f__Marinifilaceae;g__Marinifilum;s__uncultured Marinifilum sp.
113107	d__Bacteria;p__Bacillota;c__Bacilli;o__Lactobacillales;f__Streptococcaceae;g__Streptococcus;s__Streptococcus australis
1134687	d__Bacteria;p__Pseudomonadota;c__Gammaproteobacteria;o__Enterobacterales;f__Enterobacteriaceae;g__Klebsiella;s__Klebsiella michiganensis
114527	d__Bacteria;p__Bacillota;c__Clostridia;o__Peptostreptococcales;f__Anaerovoracaceae;g__Mogibacterium;s__Mogibacterium diversum
1155388	d__Bacteria;p__Bacillota;c__Clostridia;o__Eubacteriales;f__Clostridiaceae;g__Clostridium;s__Clostridium sp. C1
1156431	d__Bacteria;p__Bacillota;c__Bacilli;o__Lactobacillales;f__Streptococcaceae;g__Streptococcus;s__Streptococcus ilei
1160721	d__Bacteria;p__Bacillota;c__Clostridia;o__Eubacteriales;f__Oscillospiraceae;g__Ruminococcus;s__Ruminococcus bicirculans (ex Wegman et al. 2014)
116090	d__Bacteria;p__Bacillota;c__Tissierellia;o__Tissierellales;f__Thermohalobacteraceae;g__Caloranaerobacter;s__Caloranaerobacter azorensis
1177574	d__Bacteria;p__Bacteroidota;c__Bacteroidia;o__Bacteroidales;f__Prevotellaceae;g__Prevotella;s__Prevotella jejuni
1185412	d__Bacteria;p__Bacillota;c__Clostridia;o__Lachnospirales;f__Vallitaleaceae;g__Vallitalea;s__Vallitalea guaymasensis
1197717	d__Bacteria;p__Synergistota;c__Synergistia;o__Synergistales;f__Synergistaceae;g__Cloacibacillus;s__Cloacibacillus porcorum
1216932	d__Bacteria;p__Bacillota;c__Clostridia;o__Eubacteriales;f__Clostridiaceae;g__Clostridium;s__Clostridium bornimense
1217282	d__Bacteria;p__Bacteroidota;c__Bacteroidia;o__Bacteroidales;f__Tannerellaceae;g__Parabacteroides;s__Parabacteroides faecis
1229621	d__Bacteria;p__Bacillota;c__Clostridia;o__Lachnospirales;f__Lachnospiraceae;g__Anaerostipes;s__Anaerostipes rhamnosivorans
1232428	d__Bacteria;p__Bacillota;c__Negativicutes;o__Veillonellales;f__Veillonellaceae;g__Megasphaera;s__Megasphaera massiliensis
1234680	d__Bacteria;p__Bacillota;c__Bacilli;o__Lactobacillales;f__Streptococcaceae;g__Streptococcus;s__Streptococcus rubneri
1243007	d__Bacteria;p__Bacteroidota;c__Bacteroidia;o__Bacteroidales;f__Porphyromonadaceae;g__Macellibacteroides;s__uncultured Macellibacteroides sp.
1245	d__Bacteria;p__Bacillota;c__Bacilli;o__Lactobacillales;f__Lactobacillaceae;g__Leuconostoc;s__Leuconostoc mesenteroides
1252	d__Bacteria;p__Bacillota;c__Bacilli;o__Lactobacillales;f__Lactobacillaceae;g__Leuconostoc;s__Leuconostoc carnosum
1254	d__Bacteria;p__Bacillota;c__Bacilli;o__Lactobacillales;f__Lactobacillaceae;g__Pediococcus;s__Pediococcus acidilactici
1255	d__Bacteria;p__Bacillota;c__Bacilli;o__Lactobacillales;f__Lactobacillaceae;g__Pediococcus;s__Pediococcus pentosaceus
1260	d__Bacteria;p__Bacillota;c__Tissierellia;o__Tissierellales;f__Peptoniphilaceae;g__Finegoldia;s__Finegoldia magna
1261634	d__Bacteria;p__Bacillota;c__Clostridia;o__Lachnospirales;f__Lachnospiraceae;g__Roseburia;s__Roseburia sp. 499
1261635	d__Bacteria;p__Bacillota;c__Clostridia;o__Lachnospirales;f__Lachnospiraceae;g__Roseburia;s__Roseburia sp. 831b
1264	d__Bacteria;p__Bacillota;c__Clostridia;o__Eubacteriales;f__Oscillospiraceae;g__Ruminococcus;s__Ruminococcus albus
1278232	d__Bacteria;p__Bacillota;c__Tissierellia;o__Tissierellales;f__Tepidimicrobiaceae;g__Keratinibaculum;s__Keratinibaculum paraultunense
1282	d__Bacteria;p__Bacillota;c__Bacilli;o__Bacillales;f__Staphylococcaceae;g__Staphylococcus;s__Staphylococcus epidermidis
1283	d__Bacteria;p__Bacillota;c__Bacilli;o__Bacillales;f__Staphylococcaceae;g__Staphylococcus;s__Staphylococcus haemolyticus
1287640	d__Bacteria;p__Bacillota;c__Tissierellia;o__Tissierellales;f__Peptoniphilaceae;g__Anaerococcus;s__Anaerococcus obesiensis
1288121	d__Bacteria;p__Bacteroidota;c__Bacteroidia;o__Bacteroidales;f__Rikenellaceae;g__Alistipes;s__Alistipes senegalensis
1290	d__Bacteria;p__Bacillota;c__Bacilli;o__Bacillales;f__Staphylococcaceae;g__Staphylococcus;s__Staphylococcus hominis
1297617	d__Bacteria;p__Bacillota;c__Clostridia;o__Eubacteriales;f__Unspecified;g__Intestinimonas;s__Intestinimonas butyriciproducens
1302	d__Bacteria;p__Bacillota;c__Bacilli;o__Lactobacillales;f__Streptococcaceae;g__Streptococcus;s__Streptococcus gordonii
1303	d__Bacteria;p__Bacillota;c__Bacilli;o__Lactobacillales;f__Streptococcaceae;g__Streptococcus;s__Streptococcus oralis
1304	d__Bacteria;p__Bacillota;c__Bacilli;o__Lactobacillales;f__Streptococcaceae;g__Streptococcus;s__Streptococcus salivarius
1305	d__Bacteria;p__Bacillota;c__Bacilli;o__Lactobacillales;f__Streptococcaceae;g__Streptococcus;s__Streptococcus sanguinis
1306274	d__Bacteria;p__Cyanobacteriota;c__Cyanophyceae;o__Nostocales;f__Nostocaceae;g__Nostoc;s__Nostoc flagelliforme
1307	d__Bacteria;p__Bacillota;c__Bacilli;o__Lactobacillales;f__Streptococcaceae;g__Streptococcus;s__Streptococcus suis
1308	d__Bacteria;p__Bacillota;c__Bacilli;o__Lactobacillales;f__Streptococcaceae;g__Streptococcus;s__Streptococcus thermophilus
1309	d__Bacteria;p__Bacillota;c__Bacilli;o__Lactobacillales;f__Streptococcaceae;g__Streptococcus;s__Streptococcus mutans
1310	d__Bacteria;p__Bacillota;c__Bacilli;o__Lactobacillales;f__Streptococcaceae;g__Streptococcus;s__Streptococcus sobrinus
1311	d__Bacteria;p__Bacillota;c__Bacilli;o__Lactobacillales;f__Streptococcaceae;g__Streptococcus;s__Streptococcus agalactiae
1313	d__Bacteria;p__Bacillota;c__Bacilli;o__Lactobacillales;f__Streptococcaceae;g__Streptococcus;s__Streptococcus pneumoniae
1314	d__Bacteria;p__Bacillota;c__Bacilli;o__Lactobacillales;f__Streptococcaceae;g__Streptococcus;s__Streptococcus pyogenes
1318	d__Bacteria;p__Bacillota;c__Bacilli;o__Lactobacillales;f__Streptococcaceae;g__Streptococcus;s__Streptococcus parasanguinis
1322	d__Bacteria;p__Bacillota;c__Clostridia;o__Lachnospirales;f__Lachnospiraceae;g__Blautia;s__Blautia hansenii
1328	d__Bacteria;p__Bacillota;c__Bacilli;o__Lactobacillales;f__Streptococcaceae;g__Streptococcus;s__Streptococcus anginosus
1335613	d__Bacteria;p__Actinomycetota;c__Coriobacteriia;o__Eggerthellales;f__Eggerthellaceae;g__Gordonibacter;s__Gordonibacter urolithinfaciens
1336	d__Bacteria;p__Bacillota;c__Bacilli;o__Lactobacillales;f__Streptococcaceae;g__Streptococcus;s__Streptococcus equi
133926	d__Bacteria;p__Actinomycetota;c__Coriobacteriia;o__Coriobacteriales;f__Atopobiaceae;g__Olsenella;s__Olsenella uli
1343	d__Bacteria;p__Bacillota;c__Bacilli;o__Lactobacillales;f__Streptococcaceae;g__Streptococcus;s__Streptococcus vestibularis
1348613	d__Bacteria;p__Bacillota;c__Clostridia;o__Lachnospirales;f__Vallitaleaceae;g__Vallitalea;s__Vallitalea pronyensis
1351	d__Bacteria;p__Bacillota;c__Bacilli;o__Lactobacillales;f__Enterococcaceae;g__Enterococcus;s__Enterococcus faecalis
1352	d__Bacteria;p__Bacillota;c__Bacilli;o__Lactobacillales;f__Enterococcaceae;g__Enterococcus;s__Enterococcus faecium
1353	d__Bacteria;p__Bacillota;c__Bacilli;o__Lactobacillales;f__Enterococcaceae;g__Enterococcus;s__Enterococcus gallinarum
1354	d__Bacteria;p__Bacillota;c__Bacilli;o__Lactobacillales;f__Enterococcaceae;g__Enterococcus;s__Enterococcus hirae
1358	d__Bacteria;p__Bacillota;c__Bacilli;o__Lactobacillales;f__Streptococcaceae;g__Lactococcus;s__Lactococcus lactis
1359	d__Bacteria;p__Bacillota;c__Bacilli;o__Lactobacillales;f__Streptococcaceae;g__Lactococcus;s__Lactococcus cremoris
136609	d__Bacteria;p__Bacillota;c__Bacilli;o__Lactobacillales;f__Lactobacillaceae;g__Leuconostoc;s__Leuconostoc kimchii
137591	d__Bacteria;p__Bacillota;c__Bacilli;o__Lactobacillales;f__Lactobacillaceae;g__Weissella;s__Weissella cibaria
1377	d__Bacteria;p__Bacillota;c__Bacilli;o__Lactobacillales;f__Aerococcaceae;g__Aerococcus;s__Aerococcus viridans
1382	d__Bacteria;p__Actinomycetota;c__Coriobacteriia;o__Coriobacteriales;f__Atopobiaceae;g__Lancefieldella;s__Lancefieldella parvula
1402	d__Bacteria;p__Bacillota;c__Bacilli;o__Bacillales;f__Bacillaceae;g__Bacillus;s__Bacillus licheniformis
1424294	d__Bacteria;p__Bacillota;c__Clostridia;o__Peptostreptococcales;f__Thermotaleaceae;g__Geosporobacter;s__Geosporobacter ferrireducens
143361	d__Bacteria;p__Bacillota;c__Clostridia;o__Peptostreptococcales;f__Filifactoraceae;g__Filifactor;s__Filifactor alocis
1454229	d__Bacteria;p__Actinomycetota;c__Actinomycetes;o__Bifidobacteriales;f__Bifidobacteriaceae;g__Bifidobacterium;s__Bifidobacterium faecale
1460447	d__Bacteria;p__Bacillota;c__Clostridia;o__Peptostreptococcales;f__Peptostreptococcaceae;g__Terrisporobacter;s__Terrisporobacter petrolearius
1463165	d__Bacteria;p__Pseudomonadota;c__Gammaproteobacteria;o__Enterobacterales;f__Enterobacteriaceae;g__Klebsiella;s__Klebsiella quasipneumoniae
1470347	d__Bacteria;p__Bacteroidota;c__Bacteroidia;o__Bacteroidales;f__Rikenellaceae;g__Alistipes;s__Alistipes ihumii
147206	d__Bacteria;p__Actinomycetota;c__Coriobacteriia;o__Coriobacteriales;f__Coriobacteriaceae;g__Collinsella;s__Collinsella stercoris
1472416	d__Bacteria;p__Bacteroidota;c__Bacteroidia;o__Bacteroidales;f__Odoribacteraceae;g__Butyricimonas;s__Butyricimonas faecihominis
1490	d__Bacteria;p__Bacillota;c__Clostridia;o__Peptostreptococcales;f__Peptostreptococcaceae;g__Paraclostridium;s__Paraclostridium bifermentans
1491	d__Bacteria;p__Bacillota;c__Clostridia;o__Eubacteriales;f__Clostridiaceae;g__Clostridium;s__Clostridium botulinum
1492	d__Bacteria;p__Bacillota;c__Clostridia;o__Eubacteriales;f__Clostridiaceae;g__Clostridium;s__Clostridium butyricum
1493	d__Bacteria;p__Bacillota;c__Clostridia;o__Eubacteriales;f__Clostridiaceae;g__Clostridium;s__Clostridium cellulovorans
1496	d__Bacteria;p__Bacillota;c__Clostridia;o__Peptostreptococcales;f__Peptostreptococcaceae;g__Clostridioides;s__Clostridioides difficile
1499973	d__Bacteria;p__Pseudomonadota;c__Gammaproteobacteria;o__Enterobacterales;f__Enterobacteriaceae;g__Escherichia;s__Escherichia marmotae
1501	d__Bacteria;p__Bacillota;c__Clostridia;o__Eubacteriales;f__Clostridiaceae;g__Clostridium;s__Clostridium pasteurianum
1501392	d__Bacteria;p__Bacteroidota;c__Bacteroidia;o__Bacteroidales;f__Barnesiellaceae;g__Coprobacter;s__Coprobacter secundus
1502	d__Bacteria;p__Bacillota;c__Clostridia;o__Eubacteriales;f__Clostridiaceae;g__Clostridium;s__Clostridium perfringens
1504	d__Bacteria;p__Bacillota;c__Clostridia;o__Eubacteriales;f__Clostridiaceae;g__Clostridium;s__Clostridium septicum
1505	d__Bacteria;p__Bacillota;c__Clostridia;o__Peptostreptococcales;f__Peptostreptococcaceae;g__Paraclostridium;s__Paraclostridium sordellii
150829	d__Bacteria;p__Spirochaetota;c__Spirochaetia;o__Spirochaetales;f__Breznakiellaceae;g__Leadbettera;s__Leadbettera azotonutricia
1510	d__Bacteria;p__Bacillota;c__Clostridia;o__Eubacteriales;f__Oscillospiraceae;g__Thermoclostridium;s__Thermoclostridium stercorarium
1512	d__Bacteria;p__Bacillota;c__Clostridia;o__Lachnospirales;f__Lachnospiraceae;g__Lachnoclostridium;s__[Clostridium] symbiosum
1515	d__Bacteria;p__Bacillota;c__Clostridia;o__Eubacteriales;f__Oscillospiraceae;g__Acetivibrio;s__Acetivibrio thermocellus
1519	d__Bacteria;p__Bacillota;c__Clostridia;o__Eubacteriales;f__Clostridiaceae;g__Clostridium;s__Clostridium tyrobutyricum
1520	d__Bacteria;p__Bacillota;c__Clostridia;o__Eubacteriales;f__Clostridiaceae;g__Clostridium;s__Clostridium beijerinckii
1529	d__Bacteria;p__Bacillota;c__Clostridia;o__Eubacteriales;f__Clostridiaceae;g__Clostridium;s__Clostridium cadaveris
1531429	d__Bacteria;p__Actinomycetota;c__Coriobacteriia;o__Eggerthellales;f__Eggerthellaceae;g__Berryella;s__Berryella intestinalis
1532	d__Bacteria;p__Bacillota;c__Clostridia;o__Lachnospirales;f__Lachnospiraceae;g__Blautia;s__Blautia coccoides
1534	d__Bacteria;p__Bacillota;c__Clostridia;o__Eubacteriales;f__Clostridiaceae;g__Clostridium;s__Clostridium kluyveri
154046	d__Bacteria;p__Bacillota;c__Clostridia;o__Lachnospirales;f__Lachnospiraceae;g__Hungatella;s__Hungatella hathewayi
1541	d__Bacteria;p__Bacillota;c__Clostridia;o__Peptostreptococcales;f__Peptostreptococcaceae;g__Terrisporobacter;s__Terrisporobacter mayombei
154288	d__Bacteria;p__Bacillota;c__Erysipelotrichia;o__Erysipelotrichales;f__Turicibacteraceae;g__Turicibacter;s__Turicibacter sanguinis
1547	d__Bacteria;p__Bacillota;c__Erysipelotrichia;o__Erysipelotrichales;f__Coprobacillaceae;g__Thomasclavelia;s__Thomasclavelia ramosa
1550024	d__Bacteria;p__Bacillota;c__Clostridia;o__Eubacteriales;f__Oscillospiraceae;g__Ruthenibacterium;s__Ruthenibacterium lactatiformans
155615	d__Bacteria;p__Fusobacteriota;c__Fusobacteriia;o__Fusobacteriales;f__Fusobacteriaceae;g__Fusobacterium;s__Fusobacterium vincentii
1561	d__Bacteria;p__Bacillota;c__Clostridia;o__Eubacteriales;f__Clostridiaceae;g__Clostridium;s__Clostridium baratii
1563	d__Bacteria;p__Bacillota;c__Clostridia;o__Eubacteriales;f__Desulfitobacteriaceae;g__Desulfosporosinus;s__Desulfosporosinus orientis
1573823	d__Bacteria;p__Bacteroidota;c__Bacteroidia;o__Marinilabiliales;f__Prolixibacteraceae;g__Draconibacterium;s__uncultured Draconibacterium sp.
1573825	d__Bacteria;p__Bacteroidota;c__Bacteroidia;o__Marinilabiliales;f__Prolixibacteraceae;g__Sunxiuqinia;s__uncultured Sunxiuqinia sp.
1582259	d__Bacteria;p__Bacillota;c__Tissierellia;o__Tissierellales;f__Tissierellaceae;g__Gudongella;s__Gudongella oleilytica
1583098	d__Bacteria;p__Fusobacteriota;c__Fusobacteriia;o__Fusobacteriales;f__Fusobacteriaceae;g__Fusobacterium;s__Fusobacterium hwasookii
1584	d__Bacteria;p__Bacillota;c__Bacilli;o__Lactobacillales;f__Lactobacillaceae;g__Lactobacillus;s__Lactobacillus delbrueckii
158787	d__Bacteria;p__Actinomycetota;c__Actinomycetes;o__Bifidobacteriales;f__Bifidobacteriaceae;g__Bifidobacterium;s__Bifidobacterium scardovii
158836	d__Bacteria;p__Pseudomonadota;c__Gammaproteobacteria;o__Enterobacterales;f__Enterobacteriaceae;g__Enterobacter;s__Enterobacter hormaechei
158847	d__Bacteria;p__Bacillota;c__Negativicutes;o__Selenomonadales;f__Selenomonadaceae;g__Megamonas;s__Megamonas hypermegale
158877	d__Bacteria;p__Pseudomonadota;c__Gammaproteobacteria;o__Enterobacterales;f__Enterobacteriaceae;g__Yokenella;s__Yokenella regensburgei
1590	d__Bacteria;p__Bacillota;c__Bacilli;o__Lactobacillales;f__Lactobacillaceae;g__Lactiplantibacillus;s__Lactiplantibacillus plantarum
1596	d__Bacteria;p__Bacillota;c__Bacilli;o__Lactobacillales;f__Lactobacillaceae;g__Lactobacillus;s__Lactobacillus gasseri
1597	d__Bacteria;p__Bacillota;c__Bacilli;o__Lactobacillales;f__Lactobacillaceae;g__Lacticaseibacillus;s__Lacticaseibacillus paracasei
1599	d__Bacteria;p__Bacillota;c__Bacilli;o__Lactobacillales;f__Lactobacillaceae;g__Latilactobacillus;s__Latilactobacillus sakei
1604	d__Bacteria;p__Bacillota;c__Bacilli;o__Lactobacillales;f__Lactobacillaceae;g__Lactobacillus;s__Lactobacillus amylovorus
1613	d__Bacteria;p__Bacillota;c__Bacilli;o__Lactobacillales;f__Lactobacillaceae;g__Limosilactobacillus;s__Limosilactobacillus fermentum
162156	d__Bacteria;p__Bacteroidota;c__Bacteroidia;o__Bacteroidales;f__Bacteroidaceae;g__Bacteroides;s__uncultured Bacteroides sp.
1622	d__Bacteria;p__Bacillota;c__Bacilli;o__Lactobacillales;f__Lactobacillaceae;g__Ligilactobacillus;s__Ligilactobacillus murinus
1623	d__Bacteria;p__Bacillota;c__Bacilli;o__Lactobacillales;f__Lactobacillaceae;g__Ligilactobacillus;s__Ligilactobacillus ruminis
1624	d__Bacteria;p__Bacillota;c__Bacilli;o__Lactobacillales;f__Lactobacillaceae;g__Ligilactobacillus;s__Ligilactobacillus salivarius
1628156	d__Bacteria;p__Bacteroidota;c__Bacteroidia;o__Marinilabiliales;f__Marinilabiliaceae;g__Carboxylicivirga;s__uncultured Carboxylicivirga sp.
163	d__Bacteria;p__Spirochaetota;c__Spirochaetia;o__Spirochaetales;f__Treponemataceae;g__Treponema;s__Treponema bryantii
1632	d__Bacteria;p__Bacillota;c__Bacilli;o__Lactobacillales;f__Lactobacillaceae;g__Limosilactobacillus;s__Limosilactobacillus oris
1633	d__Bacteria;p__Bacillota;c__Bacilli;o__Lactobacillales;f__Lactobacillaceae;g__Limosilactobacillus;s__Limosilactobacillus vaginalis
1639	d__Bacteria;p__Bacillota;c__Bacilli;o__Bacillales;f__Listeriaceae;g__Listeria;s__Listeria monocytogenes
1639118	d__Bacteria;p__Bacteroidota;c__Bacteroidia;o__Marinilabiliales;f__Prolixibacteraceae;g__Mangrovibacterium;s__Mangrovibacterium marinum
1639133	d__Bacteria;p__Pseudomonadota;c__Gammaproteobacteria;o__Enterobacterales;f__Enterobacteriaceae;g__Citrobacter;s__Citrobacter portucalensis
1642646	d__Bacteria;p__Bacteroidota;c__Bacteroidia;o__Bacteroidales;f__Dysgonomonadaceae;g__Petrimonas;s__Petrimonas mucosa
1642647	d__Bacteria;p__Bacteroidota;c__Bacteroidia;o__Bacteroidales;f__Dysgonomonadaceae;g__Proteiniphilum;s__Proteiniphilum saccharofermentans
165179	d__Bacteria;p__Bacteroidota;c__Bacteroidia;o__Bacteroidales;f__Prevotellaceae;g__Segatella;s__Segatella copri
1653434	d__Bacteria;p__Bacillota;c__Clostridia;o__Lachnospirales;f__Lachnospiraceae;g__Sellimonas;s__Sellimonas intestinalis
1660	d__Bacteria;p__Actinomycetota;c__Actinomycetes;o__Actinomycetales;f__Actinomycetaceae;g__Schaalia;s__Schaalia odontolytica
166486	d__Bacteria;p__Bacillota;c__Clostridia;o__Lachnospirales;f__Lachnospiraceae;g__Roseburia;s__Roseburia intestinalis
1675036	d__Bacteria;p__Bacillota;c__Negativicutes;o__Veillonellales;f__Veillonellaceae;g__Megasphaera;s__Megasphaera hexanoica
1679721	d__Bacteria;p__Bacillota;c__Clostridia;o__Lachnospirales;f__Lachnospiraceae;g__Herbinix;s__Herbinix luporum
1680	d__Bacteria;p__Actinomycetota;c__Actinomycetes;o__Bifidobacteriales;f__Bifidobacteriaceae;g__Bifidobacterium;s__Bifidobacterium adolescentis
1681	d__Bacteria;p__Actinomycetota;c__Actinomycetes;o__Bifidobacteriales;f__Bifidobacteriaceae;g__Bifidobacterium;s__Bifidobacterium bifidum
168384	d__Bacteria;p__Bacillota;c__Clostridia;o__Lachnospirales;f__Lachnospiraceae;g__Marvinbryantia;s__Marvinbryantia formatexigens
1685	d__Bacteria;p__Actinomycetota;c__Actinomycetes;o__Bifidobacteriales;f__Bifidobacteriaceae;g__Bifidobacterium;s__Bifidobacterium breve
1686	d__Bacteria;p__Actinomycetota;c__Actinomycetes;o__Bifidobacteriales;f__Bifidobacteriaceae;g__Bifidobacterium;s__Bifidobacterium catenulatum
1689	d__Bacteria;p__Actinomycetota;c__Actinomycetes;o__Bifidobacteriales;f__Bifidobacteriaceae;g__Bifidobacterium;s__Bifidobacterium dentium
169435	d__Bacteria;p__Bacillota;c__Clostridia;o__Eubacteriales;f__Oscillospiraceae;g__Anaerotruncus;s__Anaerotruncus colihominis
169679	d__Bacteria;p__Bacillota;c__Clostridia;o__Eubacteriales;f__Clostridiaceae;g__Clostridium;s__Clostridium saccharobutylicum
1702221	d__Bacteria;p__Bacillota;c__Erysipelotrichia;o__Erysipelotrichales;f__Erysipelotrichaceae;g__Faecalibaculum;s__Faecalibaculum rodentium
1703250	d__Bacteria;p__Pseudomonadota;c__Gammaproteobacteria;o__Enterobacterales;f__Enterobacteriaceae;g__Citrobacter;s__Citrobacter sp. CRE-46
1716543	d__Bacteria;p__Bacillota;c__Clostridia;o__Eubacteriales;f__Clostridiaceae;g__Clostridium;s__Clostridium thermarum
1717717	d__Bacteria;p__Bacteroidota;c__Bacteroidia;o__Marinilabiliales;f__Marinifilaceae;g__Labilibaculum;s__Labilibaculum antarcticum
1727145	d__Bacteria;p__Bacillota;c__Clostridia;o__Lachnospirales;f__Lachnospiraceae;g__Anaerocolumna;s__Anaerocolumna chitinilytica
1731	d__Bacteria;p__Bacillota;c__Clostridia;o__Peptostreptococcales;f__Peptoclostridiaceae;g__Peptoclostridium;s__Peptoclostridium acidaminophilum
1736	d__Bacteria;p__Bacillota;c__Clostridia;o__Eubacteriales;f__Eubacteriaceae;g__Eubacterium;s__Eubacterium limosum
1738647	d__Bacteria;p__Bacillota;c__Clostridia;o__Eubacteriales;f__Acutalibacteraceae;g__Caproiciproducens;s__uncultured Caproiciproducens sp.
1744	d__Bacteria;p__Actinomycetota;c__Actinomycetes;o__Propionibacteriales;f__Propionibacteriaceae;g__Propionibacterium;s__Propionibacterium freudenreichii
1759399	d__Bacteria;p__Bacillota;c__Bacilli;o__Lactobacillales;f__Streptococcaceae;g__Streptococcus;s__Streptococcus sp. A12
1760811	d__Bacteria;p__Bacteroidota;c__Bacteroidia;o__Bacteroidales;f__Rikenellaceae;g__Acetobacteroides;s__uncultured Acetobacteroides sp.
1761012	d__Bacteria;p__Bacillota;c__Clostridia;o__Eubacteriales;f__Peptococcaceae;g__Candidatus Formimonas;s__Candidatus Formimonas warabiya
1776384	d__Bacteria;p__Bacillota;c__Clostridia;o__Peptostreptococcales;f__Anaerovoracaceae;g__Emergencia;s__Emergencia timonensis
1796613	d__Bacteria;p__Bacteroidota;c__Bacteroidia;o__Bacteroidales;f__Bacteroidaceae;g__Bacteroides;s__Bacteroides caecimuris
1796616	d__Bacteria;p__Bacillota;c__Clostridia;o__Lachnospirales;f__Lachnospiraceae;g__Blautia;s__Blautia pseudococcoides
1796635	d__Bacteria;p__Bacillota;c__Erysipelotrichia;o__Erysipelotrichales;f__Erysipelotrichaceae;g__Longicatena;s__Longicatena caecimuris
1796646	d__Bacteria;p__Bacteroidota;c__Bacteroidia;o__Bacteroidales;f__Muribaculaceae;g__Muribaculum;s__Muribaculum intestinale
1805478	d__Bacteria;p__Actinomycetota;c__Coriobacteriia;o__Coriobacteriales;f__Atopobiaceae;g__Olsenella;s__Olsenella timonensis
1812935	d__Bacteria;p__Pseudomonadota;c__Gammaproteobacteria;o__Enterobacterales;f__Enterobacteriaceae;g__Enterobacter;s__Enterobacter roggenkampii
182773	d__Bacteria;p__Bacillota;c__Clostridia;o__Eubacteriales;f__Clostridiaceae;g__Clostridium;s__Clostridium isatidis
1839799	d__Bacteria;p__Bacillota;c__Bacilli;o__Lactobacillales;f__Streptococcaceae;g__Streptococcus;s__Streptococcus sp. FDAARGOS_192
185007	d__Bacteria;p__Bacillota;c__Clostridia;o__Lachnospirales;f__Lachnospiraceae;g__Pseudobutyrivibrio;s__Pseudobutyrivibrio xylanivorans
185008	d__Bacteria;p__Bacillota;c__Clostridia;o__Lachnospirales;f__Lachnospiraceae;g__Butyrivibrio;s__Butyrivibrio hungatei
1852373	d__Bacteria;p__Bacillota;c__Tissierellia;o__Tissierellales;f__Peptoniphilaceae;g__Murdochiella;s__Murdochiella vaginalis
1852377	d__Bacteria;p__Actinomycetota;c__Actinomycetes;o__Actinomycetales;f__Actinomycetaceae;g__Actinomyces;s__Actinomyces pacaensis
1852381	d__Bacteria;p__Pseudomonadota;c__Betaproteobacteria;o__Burkholderiales;f__Sutterellaceae;g__Duodenibacillus;s__Duodenibacillus massiliensis
185300	d__Bacteria;p__Bacteroidota;c__Bacteroidia;o__Bacteroidales;f__Paludibacteraceae;g__Paludibacter;s__Paludibacter propionicigenes
1871019	d__Bacteria;p__Actinomycetota;c__Coriobacteriia;o__Coriobacteriales;f__Coriobacteriaceae;g__Enorma;s__Enorma phocaeensis
1871021	d__Bacteria;p__Bacillota;c__Clostridia;o__Lachnospirales;f__Lachnospiraceae;g__Lachnoclostridium;s__Lachnoclostridium phocaeense
1871025	d__Bacteria;p__Bacillota;c__Unspecified;o__Unspecified;f__Unspecified;g__Ndongobacter;s__Ndongobacter massiliensis
1871031	d__Bacteria;p__Actinomycetota;c__Coriobacteriia;o__Coriobacteriales;f__Atopobiaceae;g__Thermophilibacter;s__Thermophilibacter mediterraneus
187327	d__Bacteria;p__Bacillota;c__Negativicutes;o__Acidaminococcales;f__Acidaminococcaceae;g__Acidaminococcus;s__Acidaminococcus intestini
1907662	d__Bacteria;p__Actinomycetota;c__Coriobacteriia;o__Eggerthellales;f__Eggerthellaceae;g__Raoultibacter;s__Raoultibacter timonensis
1912897	d__Bacteria;p__Bacillota;c__Clostridia;o__Lachnospirales;f__Lachnospiraceae;g__Blautia;s__Blautia argi
1940525	d__Bacteria;p__Bacteroidota;c__Bacteroidia;o__Marinilabiliales;f__Marinifilaceae;g__Labilibaculum;s__Labilibaculum manganireducens
1944646	d__Bacteria;p__Actinomycetota;c__Coriobacteriia;o__Eggerthellales;f__Eggerthellaceae;g__Phoenicibacter;s__Phoenicibacter congonensis
1965571	d__Bacteria;p__Bacillota;c__Erysipelotrichia;o__Erysipelotrichales;f__Coprobacillaceae;g__Thomasclavelia;s__Erysipelatoclostridium sp. An173
1965590	d__Bacteria;p__Bacteroidota;c__Bacteroidia;o__Bacteroidales;f__Barnesiellaceae;g__Barnesiella;s__Barnesiella sp. An22
197	d__Bacteria;p__Campylobacterota;c__Epsilonproteobacteria;o__Campylobacterales;f__Campylobacteraceae;g__Campylobacter;s__Campylobacter jejuni
197614	d__Bacteria;p__Bacillota;c__Bacilli;o__Lactobacillales;f__Streptococcaceae;g__Streptococcus;s__Streptococcus pasteurianus
1981031	d__Bacteria;p__Thermodesulfobacteriota;c__Desulfovibrionia;o__Desulfovibrionales;f__Desulfovibrionaceae;g__Mailhella;s__uncultured Mailhella sp.
1981510	d__Bacteria;p__Bacillota;c__Clostridia;o__Monoglobales;f__Monoglobaceae;g__Monoglobus;s__Monoglobus pectinilyticus
1982626	d__Bacteria;p__Bacillota;c__Erysipelotrichia;o__Erysipelotrichales;f__Coprobacillaceae;g__Faecalibacillus;s__Faecalibacillus intestinalis
199	d__Bacteria;p__Campylobacterota;c__Epsilonproteobacteria;o__Campylobacterales;f__Campylobacteraceae;g__Campylobacter;s__Campylobacter concisus
2003188	d__Bacteria;p__Actinomycetota;c__Coriobacteriia;o__Coriobacteriales;f__Atopobiaceae;g__Parolsenella;s__Parolsenella catena
2010828	d__Bacteria;p__Bacteroidota;c__Bacteroidia;o__Marinilabiliales;f__Prolixibacteraceae;g__Aquipluma;s__Aquipluma nitroreducens
2023866	d__Bacteria;p__Bacteroidota;c__Bacteroidia;o__Bacteroidales;f__Dysgonomonadaceae;g__Petrimonas;s__Petrimonas sp.
2025876	d__Bacteria;p__Bacteroidota;c__Bacteroidia;o__Bacteroidales;f__Tannerellaceae;g__Parabacteroides;s__Parabacteroides sp. CT06
2041044	d__Bacteria;p__Bacillota;c__Clostridia;o__Eubacteriales;f__Eubacteriaceae;g__Eubacterium;s__Eubacterium maltosivorans
2058152	d__Bacteria;p__Pseudomonadota;c__Gammaproteobacteria;o__Enterobacterales;f__Enterobacteriaceae;g__Klebsiella;s__Klebsiella grimontii
2068655	d__Bacteria;p__Bacillota;c__Clostridia;o__Lachnospirales;f__Lachnospiraceae;g__Novisyntrophococcus;s__Novisyntrophococcus fermenticellae
208224	d__Bacteria;p__Pseudomonadota;c__Gammaproteobacteria;o__Enterobacterales;f__Enterobacteriaceae;g__Enterobacter;s__Enterobacter kobei
208479	d__Bacteria;p__Bacillota;c__Clostridia;o__Lachnospirales;f__Lachnospiraceae;g__Enterocloster;s__Enterocloster bolteae
2086584	d__Bacteria;p__Bacillota;c__Clostridia;o__Eubacteriales;f__Unspecified;g__Massilistercora;s__Massilistercora timonensis
2086585	d__Bacteria;p__Bacillota;c__Clostridia;o__Eubacteriales;f__Maliibacteriaceae;g__Maliibacterium;s__Maliibacterium massiliense
208962	d__Bacteria;p__Pseudomonadota;c__Gammaproteobacteria;o__Enterobacterales;f__Enterobacteriaceae;g__Escherichia;s__Escherichia albertii
2093856	d__Bacteria;p__Bacteroidota;c__Bacteroidia;o__Bacteroidales;f__Odoribacteraceae;g__Butyricimonas;s__Butyricimonas faecalis
2093857	d__Bacteria;p__Bacillota;c__Clostridia;o__Eubacteriales;f__Oscillospiraceae;g__Dysosmobacter;s__Dysosmobacter welbionis
2094151	d__Bacteria;p__Bacteroidota;c__Bacteroidia;o__Bacteroidales;f__Muribaculaceae;g__Paramuribaculum;s__Paramuribaculum intestinale
2107999	d__Bacteria;p__Bacillota;c__Bacilli;o__Lactobacillales;f__Lactobacillaceae;g__Lactobacillus;s__Lactobacillus paragasseri
2108523	d__Bacteria;p__Bacillota;c__Clostridia;o__Eubacteriales;f__Oscillospiraceae;g__Lawsonibacter;s__Lawsonibacter asaccharolyticus
2109687	d__Bacteria;p__Bacillota;c__Clostridia;o__Eubacteriales;f__Oscillospiraceae;g__Oscillibacter;s__Oscillibacter sp. PEA192
2133944	d__Bacteria;p__Bacteroidota;c__Bacteroidia;o__Bacteroidales;f__Prevotellaceae;g__Pseudoprevotella;s__Pseudoprevotella muciniphila
2136147	d__Bacteria;p__Bacteroidota;c__Bacteroidia;o__Bacteroidales;f__Bacteroidaceae;g__Bacteroides;s__Bacteroides sedimenti
2144175	d__Bacteria;p__Bacillota;c__Negativicutes;o__Veillonellales;f__Veillonellaceae;g__Megasphaera;s__Megasphaera stantonii
214851	d__Bacteria;p__Bacillota;c__Clostridia;o__Eubacteriales;f__Oscillospiraceae;g__Subdoligranulum;s__Subdoligranulum variabile
214856	d__Bacteria;p__Bacteroidota;c__Bacteroidia;o__Bacteroidales;f__Rikenellaceae;g__Alistipes;s__Alistipes finegoldii
2153354	d__Bacteria;p__Pseudomonadota;c__Gammaproteobacteria;o__Enterobacterales;f__Enterobacteriaceae;g__Klebsiella;s__Klebsiella huaxiensis
2161821	d__Bacteria;p__Bacillota;c__Negativicutes;o__Veillonellales;f__Veillonellaceae;g__Dialister;s__Dialister massiliensis
216816	d__Bacteria;p__Actinomycetota;c__Actinomycetes;o__Bifidobacteriales;f__Bifidobacteriaceae;g__Bifidobacterium;s__Bifidobacterium longum
2173	d__Archaea;p__Euryarchaeota;c__Methanobacteria;o__Methanobacteriales;f__Methanobacteriaceae;g__Methanobrevibacter;s__Methanobrevibacter smithii
227942	d__Bacteria;p__Bacillota;c__Bacilli;o__Lactobacillales;f__Lactobacillaceae;g__Limosilactobacillus;s__Limosilactobacillus gastricus
2317	d__Archaea;p__Euryarchaeota;c__Methanobacteria;o__Methanobacteriales;f__Methanobacteriaceae;g__Methanosphaera;s__Methanosphaera stadtmanae
2320868	d__Bacteria;p__Bacillota;c__Clostridia;o__Eubacteriales;f__Clostridiaceae;g__Clostridium;s__Clostridium manihotivorum
2364787	d__Bacteria;p__Bacteroidota;c__Bacteroidia;o__Bacteroidales;f__Rikenellaceae;g__Alistipes;s__Alistipes megaguti
2382163	d__Bacteria;p__Bacillota;c__Bacilli;o__Lactobacillales;f__Streptococcaceae;g__Streptococcus;s__Streptococcus koreensis
238834	d__Bacteria;p__Bacillota;c__Clostridia;o__Eubacteriales;f__Clostridiaceae;g__Clostridium;s__Clostridium estertheticum
239935	d__Bacteria;p__Verrucomicrobiota;c__Verrucomicrobiia;o__Verrucomicrobiales;f__Akkermansiaceae;g__Akkermansia;s__Akkermansia muciniphila
244366	d__Bacteria;p__Pseudomonadota;c__Gammaproteobacteria;o__Enterobacterales;f__Enterobacteriaceae;g__Klebsiella;s__Klebsiella variicola
246787	d__Bacteria;p__Bacteroidota;c__Bacteroidia;o__Bacteroidales;f__Bacteroidaceae;g__Bacteroides;s__Bacteroides cellulosilyticus
2478954	d__Bacteria;p__Bacillota;c__Erysipelotrichia;o__Erysipelotrichales;f__Coprobacillaceae;g__Catenibacterium;s__Catenibacterium sp. co_0103
2479767	d__Bacteria;p__Bacillota;c__Clostridia;o__Lachnospirales;f__Lachnospiraceae;g__Blautia;s__Blautia sp. SC05B48
248315	d__Bacteria;p__Bacillota;c__Negativicutes;o__Veillonellales;f__Veillonellaceae;g__Veillonella;s__Veillonella rodentium
2487118	d__Bacteria;p__Bacillota;c__Erysipelotrichia;o__Erysipelotrichales;f__Erysipelotrichaceae;g__Intestinibaculum;s__Intestinibaculum porci
2488810	d__Bacteria;p__Bacillota;c__Clostridia;o__Eubacteriales;f__Oscillospiraceae;g__Ruminiclostridium;s__Ruminiclostridium herbifermentans
2490855	d__Bacteria;p__Bacillota;c__Clostridia;o__Lachnospirales;f__Lachnospiraceae;g__Lachnoanaerobaculum;s__Lachnoanaerobaculum gingivalis
2494234	d__Bacteria;p__Pseudomonadota;c__Betaproteobacteria;o__Burkholderiales;f__Sutterellaceae;g__Sutterella;s__Sutterella megalosphaeroides
2497860	d__Bacteria;p__Bacillota;c__Clostridia;o__Lachnospirales;f__Cellulosilyticaceae;g__Cellulosilyticum;s__Cellulosilyticum sp. WCF-2
2507159	d__Bacteria;p__Bacillota;c__Clostridia;o__Eubacteriales;f__Clostridiaceae;g__Clostridium;s__Clostridium sp. JN-9
2507160	d__Bacteria;p__Bacillota;c__Clostridia;o__Peptostreptococcales;f__Anaerovoracaceae;g__Aminipila;s__Aminipila luticellarii
2507161	d__Bacteria;p__Bacillota;c__Tissierellia;o__Tissierellales;f__Acidilutibacteraceae;g__Acidilutibacter;s__Acidilutibacter cellobiosedens
2507162	d__Bacteria;p__Bacillota;c__Clostridia;o__Eubacteriales;f__Acutalibacteraceae;g__Caproiciproducens;s__Caproiciproducens sp. NJN-50
2518605	d__Bacteria;p__Bacteroidota;c__Bacteroidia;o__Bacteroidales;f__Prevotellaceae;g__Segatella;s__Segatella hominis
2528203	d__Bacteria;p__Bacteroidota;c__Bacteroidia;o__Bacteroidales;f__Bacteroidaceae;g__Bacteroides;s__Bacteroides sp. A1C1
252966	d__Bacteria;p__Bacillota;c__Clostridia;o__Thermoanaerobacterales;f__Thermoanaerobacterales Family IV. Incertae Sedis;g__Mahella;s__Mahella australiensis
253239	d__Bacteria;p__Bacillota;c__Clostridia;o__Eubacteriales;f__Oscillospiraceae;g__Ethanoligenens;s__Ethanoligenens harbinense
2546350	d__Bacteria;p__Pseudomonadota;c__Gammaproteobacteria;o__Enterobacterales;f__Enterobacteriaceae;g__Citrobacter;s__Citrobacter arsenatis
2562449	d__Bacteria;p__Pseudomonadota;c__Gammaproteobacteria;o__Enterobacterales;f__Enterobacteriaceae;g__Citrobacter;s__Citrobacter tructae
2564099	d__Bacteria;p__Bacillota;c__Clostridia;o__Eubacteriales;f__Oscillospiraceae;g__Ruminococcus;s__Ruminococcus bovis
2571156	d__Bacteria;p__Bacillota;c__Bacilli;o__Lactobacillales;f__Lactobacillaceae;g__Leuconostoc;s__Leuconostoc sp. LN180020
2576606	d__Bacteria;p__Bacteroidota;c__Bacteroidia;o__Bacteroidales;f__Muribaculaceae;g__Duncaniella;s__Duncaniella sp. B8
2576756	d__Bacteria;p__Bacillota;c__Clostridia;o__Eubacteriales;f__Acutalibacteraceae;g__Caproicibacter;s__Caproicibacter fermentans
2582419	d__Bacteria;p__Bacillota;c__Negativicutes;o__Veillonellales;f__Veillonellaceae;g__Dialister;s__Dialister hominis
2583452	d__Bacteria;p__Bacillota;c__Erysipelotrichia;o__Erysipelotrichales;f__Erysipelotrichaceae;g__Amedibacterium;s__Amedibacterium intestinale
2584944	d__Bacteria;p__Pseudomonadota;c__Betaproteobacteria;o__Burkholderiales;f__Sutterellaceae;g__Sutterella;s__Sutterella faecalis
2585118	d__Bacteria;p__Bacteroidota;c__Bacteroidia;o__Bacteroidales;f__Rikenellaceae;g__Alistipes;s__Alistipes communis
2585119	d__Bacteria;p__Bacteroidota;c__Bacteroidia;o__Bacteroidales;f__Rikenellaceae;g__Alistipes;s__Alistipes dispar
2587529	d__Bacteria;p__Pseudomonadota;c__Gammaproteobacteria;o__Enterobacterales;f__Enterobacteriaceae;g__Klebsiella;s__Klebsiella pasteurii
2590900	d__Bacteria;p__Bacteroidota;c__Bacteroidia;o__Bacteroidales;f__Tenuifilaceae;g__Tenuifilum;s__Tenuifilum thalassicum
2604158	d__Bacteria;p__Thermodesulfobacteriota;c__Desulfovibrionia;o__Desulfovibrionales;f__Desulfovibrionaceae;g__Nitratidesulfovibrio;s__Nitratidesulfovibrio liaohensis
2606626	d__Bacteria;p__Bacteroidota;c__Bacteroidia;o__Bacteroidales;f__Muribaculaceae;g__Sodaliphilus;s__Sodaliphilus pleomorphus
2610895	d__Bacteria;p__Bacillota;c__Clostridia;o__Eubacteriales;f__Unspecified;g__Flintibacter;s__Flintibacter sp. KGMB00164
2610896	d__Bacteria;p__Bacillota;c__Bacilli;o__Lactobacillales;f__Streptococcaceae;g__Streptococcus;s__Streptococcus sp. LPB0220
261299	d__Bacteria;p__Bacillota;c__Clostridia;o__Peptostreptococcales;f__Peptostreptococcaceae;g__Intestinibacter;s__Intestinibacter bartlettii
2650157	d__Bacteria;p__Bacteroidota;c__Bacteroidia;o__Bacteroidales;f__Bacteroidaceae;g__Bacteroides;s__Bacteroides zhangwenhongii
2650158	d__Bacteria;p__Bacteroidota;c__Bacteroidia;o__Bacteroidales;f__Bacteroidaceae;g__Bacteroides;s__Bacteroides luhongzhouii
2662363	d__Bacteria;p__Bacteroidota;c__Bacteroidia;o__Bacteroidales;f__Rikenellaceae;g__Alistipes;s__Alistipes sp. dk3624
2663009	d__Bacteria;p__Fusobacteriota;c__Fusobacteriia;o__Fusobacteriales;f__Fusobacteriaceae;g__Fusobacterium;s__Fusobacterium pseudoperiodonticum
2666132	d__Bacteria;p__Thermodesulfobacteriota;c__Desulfovibrionia;o__Desulfovibrionales;f__Desulfovibrionaceae;g__Desulfovibrio;s__Desulfovibrio sp. 86
2666138	d__Bacteria;p__Bacillota;c__Clostridia;o__Eubacteriales;f__Oscillospiraceae;g__Caproicibacterium;s__Caproicibacterium lactatifermentans
2681766	d__Bacteria;p__Bacteroidota;c__Bacteroidia;o__Marinilabiliales;f__Prolixibacteraceae;g__Maribellus;s__Maribellus comscasis
2682455	d__Bacteria;p__Bacillota;c__Negativicutes;o__Veillonellales;f__Veillonellaceae;g__Veillonella;s__Veillonella sp. S12025-13
2682456	d__Bacteria;p__Bacillota;c__Negativicutes;o__Veillonellales;f__Veillonellaceae;g__Veillonella;s__Veillonella nakazawae
2682776	d__Bacteria;p__Actinomycetota;c__Coriobacteriia;o__Eggerthellales;f__Eggerthellaceae;g__Xiamenia;s__Xiamenia xianingshaonis
2690837	d__Bacteria;p__Actinomycetota;c__Coriobacteriia;o__Eggerthellales;f__Eggerthellaceae;g__Eggerthella;s__Eggerthella guodeyinii
2691580	d__Bacteria;p__Bacteroidota;c__Bacteroidia;o__Bacteroidales;f__Prevotellaceae;g__Prevotella;s__Prevotella sp. Rep29
2696063	d__Bacteria;p__Bacillota;c__Clostridia;o__Lachnospirales;f__Lachnospiraceae;g__Anaerocolumna;s__Anaerocolumna sedimenticola
2697030	d__Bacteria;p__Bacillota;c__Clostridia;o__Peptostreptococcales;f__Anaerovoracaceae;g__Aminipila;s__Aminipila terrae
2707299	d__Bacteria;p__Actinomycetota;c__Coriobacteriia;o__Eggerthellales;f__Eggerthellaceae;g__Adlercreutzia;s__Adlercreutzia hattorii
2709390	d__Bacteria;p__Bacteroidota;c__Bacteroidia;o__Bacteroidales;f__Bacteroidaceae;g__Bacteroides;s__Bacteroides sp. ZJ-18
2709410	d__Bacteria;p__Bacillota;c__Clostridia;o__Lachnospirales;f__Lachnospiraceae;g__Chordicoccus;s__Chordicoccus furentiruminis
2714353	d__Bacteria;p__Bacillota;c__Clostridia;o__Eubacteriales;f__Oscillospiraceae;g__Vescimonas;s__Vescimonas fastidiosa
2714355	d__Bacteria;p__Bacillota;c__Clostridia;o__Eubacteriales;f__Oscillospiraceae;g__Vescimonas;s__Vescimonas coprocola
2714358	d__Bacteria;p__Bacillota;c__Clostridia;o__Eubacteriales;f__Oscillospiraceae;g__Pusillibacter;s__Pusillibacter faecalis
2714930	d__Bacteria;p__Bacillota;c__Erysipelotrichia;o__Erysipelotrichales;f__Erysipelotrichaceae;g__Erysipelothrix;s__Erysipelothrix sp. HDW6C
2715212	d__Bacteria;p__Bacteroidota;c__Bacteroidia;o__Bacteroidales;f__Bacteroidaceae;g__Bacteroides;s__Bacteroides faecium
2724150	d__Bacteria;p__Bacillota;c__Clostridia;o__Peptostreptococcales;f__Peptostreptococcaceae;g__Romboutsia;s__Romboutsia sp. CE17
2726954	d__Bacteria;p__Bacillota;c__Clostridia;o__Eubacteriales;f__Clostridiaceae;g__Sarcina;s__Sarcina sp. JB2
2731219	d__Bacteria;p__Bacillota;c__Clostridia;o__Peptostreptococcales;f__Natronincolaceae;g__Alkaliphilus;s__Alkaliphilus sp. B6464
2735723	d__Bacteria;p__Bacillota;c__Erysipelotrichia;o__Erysipelotrichales;f__Turicibacteraceae;g__Turicibacter;s__Turicibacter bilis
2742601	d__Bacteria;p__Bacillota;c__Bacilli;o__Lactobacillales;f__Lactobacillaceae;g__Limosilactobacillus;s__Limosilactobacillus portuensis
2742649	d__Bacteria;p__Pseudomonadota;c__Gammaproteobacteria;o__Enterobacterales;f__Enterobacteriaceae;g__Klebsiella;s__Klebsiella sp. RHBSTW-00464
2755405	d__Bacteria;p__Bacteroidota;c__Bacteroidia;o__Bacteroidales;f__Bacteroidaceae;g__Bacteroides;s__Bacteroides sp. CACC 737
2763062	d__Bacteria;p__Bacillota;c__Clostridia;o__Lachnospirales;f__Lachnospiraceae;g__Roseburia;s__Roseburia rectibacter
2763667	d__Bacteria;p__Bacillota;c__Clostridia;o__Lachnospirales;f__Lachnospiraceae;g__Wansuia;s__Wansuia hejianensis
2763669	d__Bacteria;p__Bacillota;c__Clostridia;o__Lachnospirales;f__Lachnospiraceae;g__Qiania;s__Qiania dongpingensis
2763670	d__Bacteria;p__Bacillota;c__Clostridia;o__Lachnospirales;f__Lachnospiraceae;g__Wujia;s__Wujia chipingensis
2763672	d__Bacteria;p__Bacillota;c__Clostridia;o__Lachnospirales;f__Lachnospiraceae;g__Simiaoa;s__Simiaoa sunii
2766537	d__Bacteria;p__Bacillota;c__Clostridia;o__Eubacteriales;f__Oscillospiraceae;g__Caproicibacterium;s__Caproicibacterium amylolyticum
2779518	d__Bacteria;p__Bacillota;c__Clostridia;o__Lachnospirales;f__Lachnospiraceae;g__Blautia;s__Blautia liquoris
2779519	d__Bacteria;p__Actinomycetota;c__Coriobacteriia;o__Coriobacteriales;f__Atopobiaceae;g__Thermophilibacter;s__Thermophilibacter immobilis
2780922	d__Bacteria;p__Bacillota;c__Clostridia;o__Eubacteriales;f__Oscillospiraceae;g__Solibaculum;s__Solibaculum mannosilyticum
2785025	d__Bacteria;p__Bacillota;c__Clostridia;o__Lachnospirales;f__Lachnospiraceae;g__Anaeromicropila;s__Anaeromicropila herbilytica
2785531	d__Bacteria;p__Bacteroidota;c__Bacteroidia;o__Bacteroidales;f__Bacteroidaceae;g__Bacteroides;s__Bacteroides sp. HF-162
2787628	d__Bacteria;p__Spirochaetota;c__Spirochaetia;o__Spirochaetales;f__Treponemataceae;g__Treponema;s__Treponema peruense
2787751	d__Bacteria;p__Thermodesulfobacteriota;c__Desulfovibrionia;o__Desulfovibrionales;f__Desulfovibrionaceae;g__Taurinivorans;s__Taurinivorans muris
2792859	d__Bacteria;p__Bacteroidota;c__Bacteroidia;o__Bacteroidales;f__Bacteroidaceae;g__Bacteroides;s__Bacteroides humanifaecis
279826	d__Bacteria;p__Bacillota;c__Bacilli;o__Bacillales;f__Bacillaceae;g__Mesobacillus;s__Mesobacillus foraminis
2798577	d__Bacteria;p__Spirochaetota;c__Spirochaetia;o__Spirochaetales;f__Breznakiellaceae;g__Breznakiella;s__Breznakiella homolactica
2801997	d__Bacteria;p__Bacteroidota;c__Bacteroidia;o__Bacteroidales;f__Prevotellaceae;g__Prevotella;s__Prevotella herbatica
28025	d__Bacteria;p__Actinomycetota;c__Actinomycetes;o__Bifidobacteriales;f__Bifidobacteriaceae;g__Bifidobacterium;s__Bifidobacterium animalis
28026	d__Bacteria;p__Actinomycetota;c__Actinomycetes;o__Bifidobacteriales;f__Bifidobacteriaceae;g__Bifidobacterium;s__Bifidobacterium pseudocatenulatum
28037	d__Bacteria;p__Bacillota;c__Bacilli;o__Lactobacillales;f__Streptococcaceae;g__Streptococcus;s__Streptococcus mitis
28038	d__Bacteria;p__Bacillota;c__Bacilli;o__Lactobacillales;f__Lactobacillaceae;g__Latilactobacillus;s__Latilactobacillus curvatus
2806443	d__Bacteria;p__Bacillota;c__Erysipelotrichia;o__Erysipelotrichales;f__Turicibacteraceae;g__Turicibacter;s__Turicibacter sp. TJ11
28111	d__Bacteria;p__Bacteroidota;c__Bacteroidia;o__Bacteroidales;f__Bacteroidaceae;g__Bacteroides;s__Bacteroides eggerthii
28112	d__Bacteria;p__Bacteroidota;c__Bacteroidia;o__Bacteroidales;f__Tannerellaceae;g__Tannerella;s__Tannerella forsythia
28113	d__Bacteria;p__Bacteroidota;c__Bacteroidia;o__Bacteroidales;f__Bacteroidaceae;g__Bacteroides;s__Bacteroides heparinolyticus
28116	d__Bacteria;p__Bacteroidota;c__Bacteroidia;o__Bacteroidales;f__Bacteroidaceae;g__Bacteroides;s__Bacteroides ovatus
28118	d__Bacteria;p__Bacteroidota;c__Bacteroidia;o__Bacteroidales;f__Odoribacteraceae;g__Odoribacter;s__Odoribacter splanchnicus
28119	d__Bacteria;p__Bacteroidota;c__Bacteroidia;o__Bacteroidales;f__Bacteroidaceae;g__Bacteroides;s__Bacteroides zoogleoformans
28123	d__Bacteria;p__Bacteroidota;c__Bacteroidia;o__Bacteroidales;f__Porphyromonadaceae;g__Porphyromonas;s__Porphyromonas asaccharolytica
28125	d__Bacteria;p__Bacteroidota;c__Bacteroidia;o__Bacteroidales;f__Prevotellaceae;g__Prevotella;s__Prevotella bivia
28127	d__Bacteria;p__Bacteroidota;c__Bacteroidia;o__Bacteroidales;f__Prevotellaceae;g__Hoylesella;s__Hoylesella buccalis
28128	d__Bacteria;p__Bacteroidota;c__Bacteroidia;o__Bacteroidales;f__Prevotellaceae;g__Prevotella;s__Prevotella corporis
28129	d__Bacteria;p__Bacteroidota;c__Bacteroidia;o__Bacteroidales;f__Prevotellaceae;g__Prevotella;s__Prevotella denticola
28131	d__Bacteria;p__Bacteroidota;c__Bacteroidia;o__Bacteroidales;f__Prevotellaceae;g__Prevotella;s__Prevotella intermedia
28132	d__Bacteria;p__Bacteroidota;c__Bacteroidia;o__Bacteroidales;f__Prevotellaceae;g__Prevotella;s__Prevotella melaninogenica
28133	d__Bacteria;p__Bacteroidota;c__Bacteroidia;o__Bacteroidales;f__Prevotellaceae;g__Prevotella;s__Prevotella nigrescens
28135	d__Bacteria;p__Bacteroidota;c__Bacteroidia;o__Bacteroidales;f__Prevotellaceae;g__Segatella;s__Segatella oris
28137	d__Bacteria;p__Bacteroidota;c__Bacteroidia;o__Bacteroidales;f__Prevotellaceae;g__Prevotella;s__Prevotella veroralis
2815577	d__Bacteria;p__Bacillota;c__Clostridia;o__Eubacteriales;f__Eubacteriaceae;g__Alkalibacter;s__Alkalibacter rhizosphaerae
2816908	d__Bacteria;p__Bacillota;c__Tissierellia;o__Unspecified;f__Unspecified;g__Sedimentibacter;s__Sedimentibacter sp. zth1
282402	d__Bacteria;p__Bacteroidota;c__Bacteroidia;o__Bacteroidales;f__Prevotellaceae;g__Prevotella;s__Prevotella multiformis
2829812	d__Bacteria;p__Bacteroidota;c__Bacteroidia;o__Bacteroidales;f__Dysgonomonadaceae;g__Proteiniphilum;s__Proteiniphilum propionicum
2831966	d__Bacteria;p__Bacillota;c__Clostridia;o__Eubacteriales;f__Oscillospiraceae;g__Ruminococcus;s__Ruminococcus sp. FMBCY1
2834459	d__Bacteria;p__Bacillota;c__Erysipelotrichia;o__Erysipelotrichales;f__Erysipelotrichaceae;g__Allobaculum;s__Allobaculum mucilyticum
2841528	d__Bacteria;p__Bacillota;c__Clostridia;o__Eubacteriales;f__Eubacteriaceae;g__Eubacterium;s__Eubacterium sp. MSJ-33
2844380	d__Bacteria;p__Actinomycetota;c__Coriobacteriia;o__Coriobacteriales;f__Coriobacteriaceae;g__Collinsella;s__Collinsella sp. zg1085
28446	d__Bacteria;p__Bacillota;c__Clostridia;o__Lachnospirales;f__Anaerotignaceae;g__Anaerotignum;s__Anaerotignum propionicum
2853432	d__Bacteria;p__Bacillota;c__Erysipelotrichia;o__Erysipelotrichales;f__Erysipelotrichaceae;g__Allobaculum;s__Allobaculum sp. Allo2
287	d__Bacteria;p__Pseudomonadota;c__Gammaproteobacteria;o__Pseudomonadales;f__Pseudomonadaceae;g__Pseudomonas;s__Pseudomonas aeruginosa
2870563	d__Archaea;p__Euryarchaeota;c__Methanobacteria;o__Methanobacteriales;f__Methanobacteriaceae;g__Methanobrevibacter;s__Methanobrevibacter sp. TLL-48-HuF1
2877527	d__Bacteria;p__Bacillota;c__Clostridia;o__Lachnospirales;f__Lachnospiraceae;g__Blautia;s__Blautia parvula
2878202	d__Bacteria;p__Bacillota;c__Clostridia;o__Eubacteriales;f__Oscillospiraceae;g__Ruminococcus;s__Ruminococcus sp. FMB-CY1
288965	d__Bacteria;p__Bacillota;c__Clostridia;o__Eubacteriales;f__Oscillospiraceae;g__Acetivibrio;s__Acetivibrio clariflavus
28901	d__Bacteria;p__Pseudomonadota;c__Gammaproteobacteria;o__Enterobacterales;f__Enterobacteriaceae;g__Salmonella;s__Salmonella enterica
290053	d__Bacteria;p__Bacteroidota;c__Bacteroidia;o__Bacteroidales;f__Bacteroidaceae;g__Bacteroides;s__Bacteroides helcogenes
2907827	d__Bacteria;p__Bacillota;c__Clostridia;o__Eubacteriales;f__Desulfitobacteriaceae;g__Dehalobacter;s__Dehalobacter sp. DCM
2913614	d__Bacteria;p__Bacteroidota;c__Bacteroidia;o__Bacteroidales;f__Prevotellaceae;g__Prevotella;s__Prevotella communis
2913616	d__Bacteria;p__Bacteroidota;c__Bacteroidia;o__Bacteroidales;f__Prevotellaceae;g__Prevotella;s__Prevotella sp. E13-17
2913620	d__Bacteria;p__Bacteroidota;c__Bacteroidia;o__Bacteroidales;f__Prevotellaceae;g__Prevotella;s__Prevotella sp. E2-28
2913621	d__Bacteria;p__Bacteroidota;c__Bacteroidia;o__Bacteroidales;f__Prevotellaceae;g__Prevotella;s__Prevotella sp. E9-3
291644	d__Bacteria;p__Bacteroidota;c__Bacteroidia;o__Bacteroidales;f__Bacteroidaceae;g__Bacteroides;s__Bacteroides salyersiae
291645	d__Bacteria;p__Bacteroidota;c__Bacteroidia;o__Bacteroidales;f__Bacteroidaceae;g__Bacteroides;s__Bacteroides nordii
2918914	d__Bacteria;p__Bacillota;c__Clostridia;o__Lachnospirales;f__Lachnospiraceae;g__Chakrabartyella;s__Chakrabartyella piscis
2925782	d__Bacteria;p__Bacillota;c__Clostridia;o__Peptostreptococcales;f__Peptostreptococcaceae;g__Tepidibacter;s__Tepidibacter aestuarii
292800	d__Bacteria;p__Bacillota;c__Clostridia;o__Eubacteriales;f__Oscillospiraceae;g__Flavonifractor;s__Flavonifractor plautii
2929488	d__Bacteria;p__Bacillota;c__Clostridia;o__Eubacteriales;f__Oscillospiraceae;g__Faecalibacterium;s__Faecalibacterium sp. IP-1-18
2929489	d__Bacteria;p__Bacillota;c__Clostridia;o__Eubacteriales;f__Oscillospiraceae;g__Faecalibacterium;s__Faecalibacterium sp. IP-3-29
2929490	d__Bacteria;p__Bacillota;c__Clostridia;o__Eubacteriales;f__Oscillospiraceae;g__Faecalibacterium;s__Faecalibacterium sp. I2-3-92
2929491	d__Bacteria;p__Bacillota;c__Clostridia;o__Eubacteriales;f__Oscillospiraceae;g__Faecalibacterium;s__Faecalibacterium sp. HTF-F
2929492	d__Bacteria;p__Bacillota;c__Clostridia;o__Eubacteriales;f__Oscillospiraceae;g__Faecalibacterium;s__Faecalibacterium sp. I3-3-33
2929493	d__Bacteria;p__Bacillota;c__Clostridia;o__Eubacteriales;f__Oscillospiraceae;g__Faecalibacterium;s__Faecalibacterium sp. I3-3-89
2929494	d__Bacteria;p__Bacillota;c__Clostridia;o__Eubacteriales;f__Oscillospiraceae;g__Faecalibacterium;s__Faecalibacterium sp. I4-1-79
2929495	d__Bacteria;p__Bacillota;c__Clostridia;o__Eubacteriales;f__Oscillospiraceae;g__Faecalibacterium;s__Faecalibacterium sp. I4-3-84
2930219	d__Bacteria;p__Bacillota;c__Clostridia;o__Eubacteriales;f__Clostridiaceae;g__Clostridium;s__Clostridium sp. BJN0001
2931922	d__Bacteria;p__Bacillota;c__Tissierellia;o__Tissierellales;f__Peptoniphilaceae;g__Miniphocaeibacter;s__Miniphocaeibacter halophilus
29341	d__Bacteria;p__Bacillota;c__Clostridia;o__Eubacteriales;f__Clostridiaceae;g__Clostridium;s__Clostridium argentinense
2934315	d__Bacteria;p__Bacillota;c__Clostridia;o__Lachnospirales;f__Lachnospiraceae;g__Anaeropeptidivorans;s__Anaeropeptidivorans aminofermentans
29347	d__Bacteria;p__Bacillota;c__Clostridia;o__Lachnospirales;f__Lachnospiraceae;g__Lachnoclostridium;s__[Clostridium] scindens
29348	d__Bacteria;p__Bacillota;c__Erysipelotrichia;o__Erysipelotrichales;f__Coprobacillaceae;g__Thomasclavelia;s__Thomasclavelia spiroformis
29362	d__Bacteria;p__Bacillota;c__Clostridia;o__Eubacteriales;f__Oscillospiraceae;g__Ruminiclostridium;s__Ruminiclostridium papyrosolvens
29375	d__Bacteria;p__Bacillota;c__Clostridia;o__Lachnospirales;f__Lachnospiraceae;g__Lacrimispora;s__Lacrimispora xylanolytica
2937774	d__Bacteria;p__Bacteroidota;c__Bacteroidia;o__Bacteroidales;f__Prevotellaceae;g__Prevotella;s__Prevotella sp. E15-22
29389	d__Bacteria;p__Bacillota;c__Bacilli;o__Lactobacillales;f__Streptococcaceae;g__Streptococcus;s__Streptococcus alactolyticus
2942480	d__Bacteria;p__Pseudomonadota;c__Gammaproteobacteria;o__Enterobacterales;f__Enterobacteriaceae;g__Citrobacter;s__Citrobacter sp. XT1-2-2
2946593	d__Bacteria;p__Pseudomonadota;c__Betaproteobacteria;o__Burkholderiales;f__Oxalobacteraceae;g__Oxalobacter;s__Oxalobacter aliiformigenes
29466	d__Bacteria;p__Bacillota;c__Negativicutes;o__Veillonellales;f__Veillonellaceae;g__Veillonella;s__Veillonella parvula
2949635	d__Bacteria;p__Bacteroidota;c__Bacteroidia;o__Marinilabiliales;f__Marinilabiliaceae;g__Xiashengella;s__Xiashengella succiniciproducens
2951805	d__Bacteria;p__Bacteroidota;c__Bacteroidia;o__Bacteroidales;f__Tannerellaceae;g__Parabacteroides;s__Parabacteroides sp. AD58
2954545	d__Bacteria;p__Bacillota;c__Bacilli;o__Lactobacillales;f__Streptococcaceae;g__Streptococcus;s__Streptococcus sp. FSL W7-1342
29546	d__Bacteria;p__Thermodesulfobacteriota;c__Desulfovibrionia;o__Desulfovibrionales;f__Desulfovibrionaceae;g__Lawsonia;s__Lawsonia intracellularis
2962679	d__Bacteria;p__Bacillota;c__Bacilli;o__Lactobacillales;f__Lactobacillaceae;g__Pediococcus;s__Pediococcus sp. AC40
2963365	d__Bacteria;p__Bacillota;c__Erysipelotrichia;o__Erysipelotrichales;f__Turicibacteraceae;g__Turicibacter;s__Turicibacter faecis
2966552	d__Bacteria;p__Bacillota;c__Clostridia;o__Eubacteriales;f__Oscillospiraceae;g__Thermocaproicibacter;s__Thermocaproicibacter melissae
2975324	d__Bacteria;p__Bacillota;c__Bacilli;o__Lactobacillales;f__Streptococcaceae;g__Streptococcus;s__Streptococcus sp. FSL R7-0248
2993455	d__Bacteria;p__Bacillota;c__Bacilli;o__Lactobacillales;f__Lactobacillaceae;g__Lactobacillus;s__Lactobacillus isalae
2994078	d__Bacteria;p__Bacillota;c__Clostridia;o__Eubacteriales;f__Oscillospiraceae;g__Caproicibacterium;s__Caproicibacterium sp. BJN0003
299767	d__Bacteria;p__Pseudomonadota;c__Gammaproteobacteria;o__Enterobacterales;f__Enterobacteriaceae;g__Enterobacter;s__Enterobacter ludwigii
3003601	d__Bacteria;p__Bacillota;c__Clostridia;o__Peptostreptococcales;f__Peptostreptococcaceae;g__Peptostreptococcus;s__Peptostreptococcus equinus
301301	d__Bacteria;p__Bacillota;c__Clostridia;o__Lachnospirales;f__Lachnospiraceae;g__Roseburia;s__Roseburia hominis
3028070	d__Bacteria;p__Bacillota;c__Clostridia;o__Lachnospirales;f__Lachnospiraceae;g__Claveliimonas;s__Claveliimonas bilis
3029274	d__Bacteria;p__Bacillota;c__Clostridia;o__Eubacteriales;f__Oscillospiraceae;g__Amygdalobacter;s__Amygdalobacter nucleatus
3030016	d__Bacteria;p__Bacillota;c__Clostridia;o__Eubacteriales;f__Oscillospiraceae;g__Caproicibacterium;s__Caproicibacterium argilliputei
3030017	d__Bacteria;p__Bacillota;c__Clostridia;o__Eubacteriales;f__Acutalibacteraceae;g__Caproiciproducens;s__Caproiciproducens sp. CPB-2
3030638	d__Bacteria;p__Bacillota;c__Clostridia;o__Eubacteriales;f__Oscillospiraceae;g__Faecalibacterium;s__Faecalibacterium taiwanense
3035694	d__Bacteria;p__Bacillota;c__Tissierellia;o__Tissierellales;f__Tissierellaceae;g__Tissierella;s__Tissierella sp. Yu-01
3036126	d__Bacteria;p__Bacillota;c__Clostridia;o__Peptostreptococcales;f__Peptostreptococcaceae;g__Tepidibacter;s__Tepidibacter hydrothermalis
3036303	d__Bacteria;p__Bacillota;c__Tissierellia;o__Tissierellales;f__Peptoniphilaceae;g__Peptoniphilus;s__Peptoniphilus genitalis
3036945	d__Bacteria;p__Bacillota;c__Clostridia;o__Eubacteriales;f__Clostridiaceae;g__Proteiniclasticum;s__Proteiniclasticum sp. QWL-01
3039116	d__Bacteria;p__Bacillota;c__Clostridia;o__Lachnospirales;f__Lachnospiraceae;g__Anaerocolumna;s__Anaerocolumna sp. AGMB13025
3044568	d__Bacteria;p__Bacillota;c__Bacilli;o__Lactobacillales;f__Enterococcaceae;g__Enterococcus;s__Enterococcus sp. ZQ21
3045146	d__Bacteria;p__Bacillota;c__Clostridia;o__Eubacteriales;f__Oscillospiraceae;g__Petroclostridium;s__Petroclostridium sp. X23
3046382	d__Bacteria;p__Bacillota;c__Clostridia;o__Eubacteriales;f__Aristaeellaceae;g__Aristaeella;s__Aristaeella hokkaidonensis
3046383	d__Bacteria;p__Bacillota;c__Clostridia;o__Eubacteriales;f__Aristaeellaceae;g__Aristaeella;s__Aristaeella lactis
3050072	d__Bacteria;p__Bacillota;c__Clostridia;o__Eubacteriales;f__Unspecified;g__Proteiniborus;s__Proteiniborus sp. MB09-C3
3054208	d__Bacteria;p__Bacillota;c__Negativicutes;o__Selenomonadales;f__Selenomonadaceae;g__Selenobaculum;s__Selenobaculum gibii
3059028	d__Bacteria;p__Actinomycetota;c__Actinomycetes;o__Actinomycetales;f__Actinomycetaceae;g__Schaalia;s__Schaalia sp. HMT-172
3059030	d__Bacteria;p__Bacillota;c__Clostridia;o__Lachnospirales;f__Lachnospiraceae;g__Stomatobaculum;s__Stomatobaculum sp. F0698
3068894	d__Bacteria;p__Synergistota;c__Synergistia;o__Synergistales;f__Dethiosulfovibrionaceae;g__Pyramidobacter;s__Pyramidobacter sp. YE332
3070215	d__Bacteria;p__Bacillota;c__Clostridia;o__Lachnospirales;f__Lachnospiraceae;g__Kineothrix;s__Kineothrix sp. MB12-C1
3070656	d__Bacteria;p__Bacillota;c__Clostridia;o__Eubacteriales;f__Oscillospiraceae;g__Paludihabitans;s__Paludicola sp. MB14-C6
3070814	d__Bacteria;p__Bacillota;c__Clostridia;o__Lachnospirales;f__Anaerotignaceae;g__Anaerotignum;s__Anaerotignum sp. MB30-C6
3070995	d__Bacteria;p__Bacillota;c__Tissierellia;o__Unspecified;f__Unspecified;g__Sedimentibacter;s__Sedimentibacter sp. MB35-C1
3070997	d__Bacteria;p__Bacillota;c__Clostridia;o__Lachnospirales;f__Lachnospiraceae;g__Anaerocolumna;s__Anaerocolumna sp. MB42-C2
3070999	d__Bacteria;p__Bacillota;c__Tissierellia;o__Tissierellales;f__Tissierellaceae;g__Tissierella;s__Tissierella sp. MB52-C2
3079302	d__Bacteria;p__Bacillota;c__Clostridia;o__Eubacteriales;f__Butyricicoccaceae;g__Agathobaculum;s__Agathobaculum sp. NTUH-O15-33
3079303	d__Bacteria;p__Bacillota;c__Clostridia;o__Eubacteriales;f__Butyricicoccaceae;g__Intestinibacillus;s__Intestinibacillus sp. NTUH-41-i26
3081750	d__Bacteria;p__Bacillota;c__Clostridia;o__Lachnospirales;f__Lachnospiraceae;g__Anaerocolumna;s__Anaerocolumna sp. AGMB13020
3098075	d__Bacteria;p__Bacillota;c__Bacilli;o__Lactobacillales;f__Streptococcaceae;g__Streptococcus;s__Streptococcus sp. S1
3098076	d__Bacteria;p__Bacillota;c__Bacilli;o__Lactobacillales;f__Streptococcaceae;g__Streptococcus;s__Streptococcus sp. S5
3109366	d__Bacteria;p__Bacillota;c__Tissierellia;o__Unspecified;f__Unspecified;g__Sedimentibacter;s__Sedimentibacter sp. MB31-C6
3110227	d__Bacteria;p__Bacillota;c__Clostridia;o__Eubacteriales;f__Acutalibacteraceae;g__Caproicibacter;s__Caproicibacter sp. BJN0012
3111540	d__Bacteria;p__Bacillota;c__Clostridia;o__Eubacteriales;f__Eubacteriales Family XIII. Incertae Sedis;g__Sinanaerobacter;s__Sinanaerobacter sp. ZZT-01
3115151	d__Bacteria;p__Verrucomicrobiota;c__Verrucomicrobiia;o__Verrucomicrobiales;f__Akkermansiaceae;g__Akkermansia;s__Akkermansia sp. AE01SA01
3117552	d__Bacteria;p__Bacteroidota;c__Bacteroidia;o__Bacteroidales;f__Bacteroidaceae;g__Bacteroides;s__Bacteroides sp. MSB163
3123317	d__Bacteria;p__Bacillota;c__Clostridia;o__Lachnospirales;f__Lachnospiraceae;g__Kineothrix;s__Kineothrix sp. IPX-CK
3151850	d__Bacteria;p__Bacillota;c__Clostridia;o__Lachnospirales;f__Lachnospiraceae;g__Lacrimispora;s__Lacrimispora sp. BS-2
3238303	d__Bacteria;p__Bacillota;c__Bacilli;o__Lactobacillales;f__Streptococcaceae;g__Streptococcus;s__Streptococcus sp. CP1998
328812	d__Bacteria;p__Bacteroidota;c__Bacteroidia;o__Bacteroidales;f__Tannerellaceae;g__Parabacteroides;s__Parabacteroides goldsteinii
328813	d__Bacteria;p__Bacteroidota;c__Bacteroidia;o__Bacteroidales;f__Rikenellaceae;g__Alistipes;s__Alistipes onderdonkii
328814	d__Bacteria;p__Bacteroidota;c__Bacteroidia;o__Bacteroidales;f__Rikenellaceae;g__Alistipes;s__Alistipes shahii
329854	d__Bacteria;p__Bacteroidota;c__Bacteroidia;o__Bacteroidales;f__Bacteroidaceae;g__Bacteroides;s__Bacteroides intestinalis
33025	d__Bacteria;p__Bacillota;c__Negativicutes;o__Acidaminococcales;f__Acidaminococcaceae;g__Phascolarctobacterium;s__Phascolarctobacterium faecium
33033	d__Bacteria;p__Bacillota;c__Tissierellia;o__Tissierellales;f__Peptoniphilaceae;g__Parvimonas;s__Parvimonas micra
33034	d__Bacteria;p__Bacillota;c__Tissierellia;o__Tissierellales;f__Peptoniphilaceae;g__Anaerococcus;s__Anaerococcus prevotii
33035	d__Bacteria;p__Bacillota;c__Clostridia;o__Lachnospirales;f__Lachnospiraceae;g__Blautia;s__Blautia producta
33037	d__Bacteria;p__Bacillota;c__Tissierellia;o__Tissierellales;f__Peptoniphilaceae;g__Anaerococcus;s__Anaerococcus vaginalis
33038	d__Bacteria;p__Bacillota;c__Clostridia;o__Lachnospirales;f__Lachnospiraceae;g__Mediterraneibacter;s__Mediterraneibacter gnavus
33039	d__Bacteria;p__Bacillota;c__Clostridia;o__Lachnospirales;f__Lachnospiraceae;g__Mediterraneibacter;s__[Ruminococcus] torques
33043	d__Bacteria;p__Bacillota;c__Clostridia;o__Lachnospirales;f__Lachnospiraceae;g__Coprococcus;s__Coprococcus eutactus
333367	d__Bacteria;p__Bacillota;c__Clostridia;o__Lachnospirales;f__Lachnospiraceae;g__Enterocloster;s__Enterocloster asparagiformis
338188	d__Bacteria;p__Bacteroidota;c__Bacteroidia;o__Bacteroidales;f__Bacteroidaceae;g__Bacteroides;s__Bacteroides finegoldii
33871	d__Bacteria;p__Actinomycetota;c__Coriobacteriia;o__Coriobacteriales;f__Coriobacteriaceae;g__Coriobacterium;s__Coriobacterium glomerans
33945	d__Bacteria;p__Bacillota;c__Bacilli;o__Lactobacillales;f__Enterococcaceae;g__Enterococcus;s__Enterococcus avium
33959	d__Bacteria;p__Bacillota;c__Bacilli;o__Lactobacillales;f__Lactobacillaceae;g__Lactobacillus;s__Lactobacillus johnsonii
33964	d__Bacteria;p__Bacillota;c__Bacilli;o__Lactobacillales;f__Lactobacillaceae;g__Leuconostoc;s__Leuconostoc citreum
35703	d__Bacteria;p__Pseudomonadota;c__Gammaproteobacteria;o__Enterobacterales;f__Enterobacteriaceae;g__Citrobacter;s__Citrobacter amalonaticus
357276	d__Bacteria;p__Bacteroidota;c__Bacteroidia;o__Bacteroidales;f__Bacteroidaceae;g__Phocaeicola;s__Phocaeicola dorei
357441	d__Bacteria;p__Bacillota;c__Bacilli;o__Lactobacillales;f__Enterococcaceae;g__Enterococcus;s__Enterococcus lactis
36745	d__Bacteria;p__Bacillota;c__Clostridia;o__Eubacteriales;f__Clostridiaceae;g__Clostridium;s__Clostridium saccharoperbutylacetonicum
36835	d__Bacteria;p__Bacillota;c__Clostridia;o__Lachnospirales;f__Lachnospiraceae;g__Tyzzerella;s__[Clostridium] colinum
36839	d__Bacteria;p__Bacillota;c__Clostridia;o__Eubacteriales;f__Clostridiaceae;g__Clostridium;s__Clostridium felsineum
36841	d__Bacteria;p__Bacillota;c__Clostridia;o__Peptostreptococcales;f__Peptostreptococcaceae;g__Terrisporobacter;s__Terrisporobacter glycolicus
36845	d__Bacteria;p__Bacillota;c__Clostridia;o__Eubacteriales;f__Clostridiaceae;g__Clostridium;s__Clostridium intestinale
371601	d__Bacteria;p__Bacteroidota;c__Bacteroidia;o__Bacteroidales;f__Bacteroidaceae;g__Bacteroides;s__Bacteroides xylanisolvens
376805	d__Bacteria;p__Bacteroidota;c__Bacteroidia;o__Bacteroidales;f__Bacteroidaceae;g__Phocaeicola;s__Phocaeicola salanitronis
37734	d__Bacteria;p__Bacillota;c__Bacilli;o__Lactobacillales;f__Enterococcaceae;g__Enterococcus;s__Enterococcus casseliflavus
384636	d__Bacteria;p__Bacillota;c__Clostridia;o__Lachnospirales;f__Lachnospiraceae;g__Lacrimispora;s__Lacrimispora xylanisolvens
387090	d__Bacteria;p__Bacteroidota;c__Bacteroidia;o__Bacteroidales;f__Bacteroidaceae;g__Phocaeicola;s__Phocaeicola coprophilus
387661	d__Bacteria;p__Bacteroidota;c__Bacteroidia;o__Bacteroidales;f__Tannerellaceae;g__Parabacteroides;s__Parabacteroides johnsonii
39485	d__Bacteria;p__Bacillota;c__Clostridia;o__Lachnospirales;f__Lachnospiraceae;g__Lachnospira;s__Lachnospira eligens
39486	d__Bacteria;p__Bacillota;c__Clostridia;o__Lachnospirales;f__Lachnospiraceae;g__Dorea;s__Dorea formicigenerans
39488	d__Bacteria;p__Bacillota;c__Clostridia;o__Lachnospirales;f__Lachnospiraceae;g__Anaerobutyricum;s__Anaerobutyricum hallii
39491	d__Bacteria;p__Bacillota;c__Clostridia;o__Lachnospirales;f__Lachnospiraceae;g__Agathobacter;s__Agathobacter rectalis
394958	d__Bacteria;p__Bacillota;c__Clostridia;o__Eubacteriales;f__Clostridiaceae;g__Clostridium;s__Clostridium taeniosporum
39496	d__Bacteria;p__Bacillota;c__Clostridia;o__Eubacteriales;f__Eubacteriaceae;g__Eubacterium;s__Eubacterium ventriosum
39777	d__Bacteria;p__Bacillota;c__Negativicutes;o__Veillonellales;f__Veillonellaceae;g__Veillonella;s__Veillonella atypica
39778	d__Bacteria;p__Bacillota;c__Negativicutes;o__Veillonellales;f__Veillonellaceae;g__Veillonella;s__Veillonella dispar
397865	d__Bacteria;p__Bacteroidota;c__Bacteroidia;o__Bacteroidales;f__Barnesiellaceae;g__Barnesiella;s__Barnesiella viscericola
39950	d__Bacteria;p__Bacillota;c__Negativicutes;o__Veillonellales;f__Veillonellaceae;g__Dialister;s__Dialister pneumosintes
40520	d__Bacteria;p__Bacillota;c__Clostridia;o__Lachnospirales;f__Lachnospiraceae;g__Blautia;s__Blautia obeum
40545	d__Bacteria;p__Pseudomonadota;c__Betaproteobacteria;o__Burkholderiales;f__Sutterellaceae;g__Sutterella;s__Sutterella wadsworthensis
410072	d__Bacteria;p__Bacillota;c__Clostridia;o__Lachnospirales;f__Lachnospiraceae;g__Coprococcus;s__Coprococcus comes
411483	d__Bacteria;p__Bacillota;c__Clostridia;o__Eubacteriales;f__Oscillospiraceae;g__Faecalibacterium;s__Faecalibacterium duncaniae
417368	d__Bacteria;p__Bacillota;c__Bacilli;o__Lactobacillales;f__Enterococcaceae;g__Enterococcus;s__Enterococcus thailandicus
418240	d__Bacteria;p__Bacillota;c__Clostridia;o__Lachnospirales;f__Lachnospiraceae;g__Blautia;s__Blautia wexlerae
423477	d__Bacteria;p__Bacillota;c__Negativicutes;o__Veillonellales;f__Veillonellaceae;g__Veillonella;s__Veillonella rogosae
43305	d__Bacteria;p__Bacillota;c__Clostridia;o__Lachnospirales;f__Lachnospiraceae;g__Butyrivibrio;s__Butyrivibrio proteoclasticus
433286	d__Bacteria;p__Bacillota;c__Clostridia;o__Lachnospirales;f__Lachnospiraceae;g__Anaerocolumna;s__Anaerocolumna cellulosilytica
433296	d__Bacteria;p__Bacillota;c__Clostridia;o__Peptostreptococcales;f__Anaerovoracaceae;g__Aminipila;s__Aminipila butyrica
43675	d__Bacteria;p__Actinomycetota;c__Actinomycetes;o__Micrococcales;f__Micrococcaceae;g__Rothia;s__Rothia mucilaginosa
437897	d__Bacteria;p__Bacillota;c__Negativicutes;o__Selenomonadales;f__Selenomonadaceae;g__Megamonas;s__Megamonas funiformis
438033	d__Bacteria;p__Bacillota;c__Clostridia;o__Eubacteriales;f__Oscillospiraceae;g__Ruminococcus;s__Ruminococcus gauvreauii
44008	d__Bacteria;p__Bacillota;c__Bacilli;o__Lactobacillales;f__Enterococcaceae;g__Enterococcus;s__Enterococcus cecorum
446660	d__Bacteria;p__Actinomycetota;c__Coriobacteriia;o__Eggerthellales;f__Eggerthellaceae;g__Adlercreutzia;s__Adlercreutzia equolifaciens
44742	d__Bacteria;p__Thermodesulfobacteriota;c__Desulfovibrionia;o__Desulfovibrionales;f__Desulfovibrionaceae;g__Desulfovibrio;s__Desulfovibrio fairfieldensis
45254	d__Bacteria;p__Bacteroidota;c__Bacteroidia;o__Bacteroidales;f__Dysgonomonadaceae;g__Dysgonomonas;s__Dysgonomonas capnocytophagoides
454154	d__Bacteria;p__Bacteroidota;c__Bacteroidia;o__Bacteroidales;f__Prevotellaceae;g__Paraprevotella;s__Paraprevotella clara
454155	d__Bacteria;p__Bacteroidota;c__Bacteroidia;o__Bacteroidales;f__Prevotellaceae;g__Paraprevotella;s__Paraprevotella xylaniphila
45634	d__Bacteria;p__Bacillota;c__Bacilli;o__Lactobacillales;f__Streptococcaceae;g__Streptococcus;s__Streptococcus cristatus
45851	d__Bacteria;p__Bacillota;c__Clostridia;o__Lachnospirales;f__Lachnospiraceae;g__Butyrivibrio;s__Butyrivibrio crossotus
46124	d__Bacteria;p__Bacillota;c__Bacilli;o__Lactobacillales;f__Carnobacteriaceae;g__Granulicatella;s__Granulicatella adiacens
461876	d__Bacteria;p__Bacillota;c__Clostridia;o__Peptostreptococcales;f__Natronincolaceae;g__Alkaliphilus;s__Alkaliphilus oremlandii
46228	d__Bacteria;p__Bacillota;c__Clostridia;o__Lachnospirales;f__Lachnospiraceae;g__Mediterraneibacter;s__[Ruminococcus] lactaris
46503	d__Bacteria;p__Bacteroidota;c__Bacteroidia;o__Bacteroidales;f__Tannerellaceae;g__Parabacteroides;s__Parabacteroides merdae
46506	d__Bacteria;p__Bacteroidota;c__Bacteroidia;o__Bacteroidales;f__Bacteroidaceae;g__Bacteroides;s__Bacteroides stercoris
46867	d__Bacteria;p__Bacillota;c__Clostridia;o__Eubacteriales;f__Clostridiaceae;g__Clostridium;s__Clostridium chauvoei
470565	d__Bacteria;p__Bacteroidota;c__Bacteroidia;o__Bacteroidales;f__Prevotellaceae;g__Prevotella;s__Prevotella histicola
47678	d__Bacteria;p__Bacteroidota;c__Bacteroidia;o__Bacteroidales;f__Bacteroidaceae;g__Bacteroides;s__Bacteroides caccae
47679	d__Bacteria;p__Bacillota;c__Negativicutes;o__Selenomonadales;f__Sporomusaceae;g__Sporomusa;s__Sporomusa sphaeroides
47715	d__Bacteria;p__Bacillota;c__Bacilli;o__Lactobacillales;f__Lactobacillaceae;g__Lacticaseibacillus;s__Lacticaseibacillus rhamnosus
477666	d__Bacteria;p__Bacteroidota;c__Bacteroidia;o__Bacteroidales;f__Bacteroidaceae;g__Bacteroides;s__Bacteroides graminisolvens
47770	d__Bacteria;p__Bacillota;c__Bacilli;o__Lactobacillales;f__Lactobacillaceae;g__Lactobacillus;s__Lactobacillus crispatus
487173	d__Bacteria;p__Bacillota;c__Negativicutes;o__Veillonellales;f__Veillonellaceae;g__Dialister;s__Dialister succinatiphilus
49338	d__Bacteria;p__Bacillota;c__Clostridia;o__Eubacteriales;f__Desulfitobacteriaceae;g__Desulfitobacterium;s__Desulfitobacterium hafniense
499229	d__Bacteria;p__Bacillota;c__Clostridia;o__Thermosediminibacterales;f__Tepidanaerobacteraceae;g__Tepidanaerobacter;s__Tepidanaerobacter acetatoxydans
502558	d__Bacteria;p__Actinomycetota;c__Coriobacteriia;o__Eggerthellales;f__Eggerthellaceae;g__Eggerthella;s__Eggerthella sp. YY7918
508451	d__Bacteria;p__Bacillota;c__Bacilli;o__Lactobacillales;f__Lactobacillaceae;g__Lactobacillus;s__Lactobacillus taiwanensis
512298	d__Bacteria;p__Bacillota;c__Clostridia;o__Eubacteriales;f__Oscillospiraceae;g__Subdoligranulum;s__uncultured Subdoligranulum sp.
51288	d__Bacteria;p__Pseudomonadota;c__Gammaproteobacteria;o__Enterobacterales;f__Enterobacteriaceae;g__Kluyvera;s__Kluyvera ascorbata
51515	d__Bacteria;p__Bacillota;c__Clostridia;o__Eubacteriales;f__Peptococcaceae;g__Dehalobacterium;s__Dehalobacterium formicoaceticum
51664	d__Bacteria;p__Bacillota;c__Bacilli;o__Lactobacillales;f__Lactobacillaceae;g__Lapidilactobacillus;s__Lapidilactobacillus dextrinicus
51665	d__Bacteria;p__Bacillota;c__Bacilli;o__Lactobacillales;f__Aerococcaceae;g__Aerococcus;s__Aerococcus urinaeequi
52227	d__Bacteria;p__Bacteroidota;c__Bacteroidia;o__Bacteroidales;f__Prevotellaceae;g__Prevotella;s__Prevotella dentalis
52584	d__Bacteria;p__Spirochaetota;c__Spirochaetia;o__Brachyspirales;f__Brachyspiraceae;g__Brachyspira;s__Brachyspira pilosicoli
52694	d__Bacteria;p__Bacillota;c__Clostridia;o__Eubacteriales;f__Eubacteriaceae;g__Acetobacterium;s__Acetobacterium wieringae
53345	d__Bacteria;p__Bacillota;c__Bacilli;o__Lactobacillales;f__Enterococcaceae;g__Enterococcus;s__Enterococcus durans
53346	d__Bacteria;p__Bacillota;c__Bacilli;o__Lactobacillales;f__Enterococcaceae;g__Enterococcus;s__Enterococcus mundtii
53442	d__Bacteria;p__Bacillota;c__Clostridia;o__Eubacteriales;f__Eubacteriaceae;g__Eubacterium;s__Eubacterium callanderi
53443	d__Bacteria;p__Bacillota;c__Clostridia;o__Lachnospirales;f__Lachnospiraceae;g__Blautia;s__Blautia hydrogenotrophica
538949	d__Bacteria;p__Bacteroidota;c__Bacteroidia;o__Bacteroidales;f__Rikenellaceae;g__Alistipes;s__uncultured Alistipes sp.
539813	d__Bacteria;p__Pseudomonadota;c__Gammaproteobacteria;o__Enterobacterales;f__Enterobacteriaceae;g__Enterobacter;s__Enterobacter mori
54005	d__Bacteria;p__Bacillota;c__Tissierellia;o__Tissierellales;f__Peptoniphilaceae;g__Peptoniphilus;s__Peptoniphilus harei
54291	d__Bacteria;p__Pseudomonadota;c__Gammaproteobacteria;o__Enterobacterales;f__Enterobacteriaceae;g__Raoultella;s__Raoultella ornithinolytica
544580	d__Bacteria;p__Actinomycetota;c__Actinomycetes;o__Actinomycetales;f__Actinomycetaceae;g__Actinomyces;s__Actinomyces oris
544645	d__Bacteria;p__Bacteroidota;c__Bacteroidia;o__Bacteroidales;f__Odoribacteraceae;g__Butyricimonas;s__Butyricimonas virosa
546	d__Bacteria;p__Pseudomonadota;c__Gammaproteobacteria;o__Enterobacterales;f__Enterobacteriaceae;g__Citrobacter;s__Citrobacter freundii
54736	d__Bacteria;p__Pseudomonadota;c__Gammaproteobacteria;o__Enterobacterales;f__Enterobacteriaceae;g__Salmonella;s__Salmonella bongori
548	d__Bacteria;p__Pseudomonadota;c__Gammaproteobacteria;o__Enterobacterales;f__Enterobacteriaceae;g__Klebsiella;s__Klebsiella aerogenes
550	d__Bacteria;p__Pseudomonadota;c__Gammaproteobacteria;o__Enterobacterales;f__Enterobacteriaceae;g__Enterobacter;s__Enterobacter cloacae
556259	d__Bacteria;p__Bacteroidota;c__Bacteroidia;o__Bacteroidales;f__Bacteroidaceae;g__Bacteroides;s__Bacteroides sp. D2
556499	d__Bacteria;p__Actinomycetota;c__Actinomycetes;o__Propionibacteriales;f__Propionibacteriaceae;g__Propionibacterium;s__Propionibacterium acidifaciens
562	d__Bacteria;p__Pseudomonadota;c__Gammaproteobacteria;o__Enterobacterales;f__Enterobacteriaceae;g__Escherichia;s__Escherichia coli
564	d__Bacteria;p__Pseudomonadota;c__Gammaproteobacteria;o__Enterobacterales;f__Enterobacteriaceae;g__Escherichia;s__Escherichia fergusonii
570161	d__Bacteria;p__Bacteroidota;c__Bacteroidia;o__Marinilabiliales;f__Marinifilaceae;g__Marinifilum;s__Marinifilum fragile
571	d__Bacteria;p__Pseudomonadota;c__Gammaproteobacteria;o__Enterobacterales;f__Enterobacteriaceae;g__Klebsiella;s__Klebsiella oxytoca
573	d__Bacteria;p__Pseudomonadota;c__Gammaproteobacteria;o__Enterobacterales;f__Enterobacteriaceae;g__Klebsiella;s__Klebsiella pneumoniae
575	d__Bacteria;p__Pseudomonadota;c__Gammaproteobacteria;o__Enterobacterales;f__Enterobacteriaceae;g__Raoultella;s__Raoultella planticola
577	d__Bacteria;p__Pseudomonadota;c__Gammaproteobacteria;o__Enterobacterales;f__Enterobacteriaceae;g__Raoultella;s__Raoultella terrigena
57706	d__Bacteria;p__Pseudomonadota;c__Gammaproteobacteria;o__Enterobacterales;f__Enterobacteriaceae;g__Citrobacter;s__Citrobacter braakii
58138	d__Bacteria;p__Bacillota;c__Clostridia;o__Eubacteriales;f__Peptococcaceae;g__Desulfofarcimen;s__Desulfofarcimen acetoxidans
582	d__Bacteria;p__Pseudomonadota;c__Gammaproteobacteria;o__Enterobacterales;f__Morganellaceae;g__Morganella;s__Morganella morganii
58231	d__Bacteria;p__Spirochaetota;c__Spirochaetia;o__Spirochaetales;f__Treponemataceae;g__Treponema;s__Treponema medium
589436	d__Bacteria;p__Bacteroidota;c__Bacteroidia;o__Bacteroidales;f__Prevotellaceae;g__Prevotella;s__Prevotella fusca
589437	d__Bacteria;p__Bacteroidota;c__Bacteroidia;o__Bacteroidales;f__Prevotellaceae;g__Prevotella;s__Prevotella scopos
61435	d__Bacteria;p__Chloroflexota;c__Dehalococcoidia;o__Dehalococcoidales;f__Dehalococcoidaceae;g__Dehalococcoides;s__Dehalococcoides mccartyi
615	d__Bacteria;p__Pseudomonadota;c__Gammaproteobacteria;o__Enterobacterales;f__Yersiniaceae;g__Serratia;s__Serratia marcescens
61645	d__Bacteria;p__Pseudomonadota;c__Gammaproteobacteria;o__Enterobacterales;f__Enterobacteriaceae;g__Enterobacter;s__Enterobacter asburiae
617123	d__Bacteria;p__Bacillota;c__Clostridia;o__Lachnospirales;f__Lachnospiraceae;g__Lachnoanaerobaculum;s__Lachnoanaerobaculum umeaense
621	d__Bacteria;p__Pseudomonadota;c__Gammaproteobacteria;o__Enterobacterales;f__Enterobacteriaceae;g__Shigella;s__Shigella boydii
622	d__Bacteria;p__Pseudomonadota;c__Gammaproteobacteria;o__Enterobacterales;f__Enterobacteriaceae;g__Shigella;s__Shigella dysenteriae
623	d__Bacteria;p__Pseudomonadota;c__Gammaproteobacteria;o__Enterobacterales;f__Enterobacteriaceae;g__Shigella;s__Shigella flexneri
626932	d__Bacteria;p__Bacteroidota;c__Bacteroidia;o__Bacteroidales;f__Rikenellaceae;g__Alistipes;s__Alistipes indistinctus
626937	d__Bacteria;p__Bacillota;c__Clostridia;o__Christensenellales;f__Christensenellaceae;g__Christensenella;s__Christensenella minuta
631220	d__Bacteria;p__Thermodesulfobacteriota;c__Desulfovibrionia;o__Desulfovibrionales;f__Desulfovibrionaceae;g__Desulfovibrio;s__Desulfovibrio sp. G11
638849	d__Bacteria;p__Synergistota;c__Synergistia;o__Synergistales;f__Dethiosulfovibrionaceae;g__Pyramidobacter;s__Pyramidobacter piscolens
645	d__Bacteria;p__Pseudomonadota;c__Gammaproteobacteria;o__Aeromonadales;f__Aeromonadaceae;g__Aeromonas;s__Aeromonas salmonicida
649756	d__Bacteria;p__Bacillota;c__Clostridia;o__Lachnospirales;f__Lachnospiraceae;g__Anaerostipes;s__Anaerostipes hadrus
652716	d__Bacteria;p__Bacteroidota;c__Bacteroidia;o__Bacteroidales;f__Prevotellaceae;g__Prevotella;s__Prevotella sp. oral taxon 299
656	d__Bacteria;p__Pseudomonadota;c__Gammaproteobacteria;o__Aeromonadales;f__Aeromonadaceae;g__Aeromonas;s__Aeromonas allosaccharophila
66219	d__Bacteria;p__Bacillota;c__Clostridia;o__Lachnospirales;f__Lachnospiraceae;g__Lachnoclostridium;s__Lachnoclostridium phytofermentans
663	d__Bacteria;p__Pseudomonadota;c__Gammaproteobacteria;o__Vibrionales;f__Vibrionaceae;g__Vibrio;s__Vibrio alginolyticus
670	d__Bacteria;p__Pseudomonadota;c__Gammaproteobacteria;o__Vibrionales;f__Vibrionaceae;g__Vibrio;s__Vibrio parahaemolyticus
674529	d__Bacteria;p__Bacteroidota;c__Bacteroidia;o__Bacteroidales;f__Bacteroidaceae;g__Bacteroides;s__Bacteroides faecis
67824	d__Bacteria;p__Pseudomonadota;c__Gammaproteobacteria;o__Enterobacterales;f__Enterobacteriaceae;g__Citrobacter;s__Citrobacter farmeri
67827	d__Bacteria;p__Pseudomonadota;c__Gammaproteobacteria;o__Enterobacterales;f__Enterobacteriaceae;g__Citrobacter;s__Citrobacter werkmanii
684066	d__Bacteria;p__Bacillota;c__Bacilli;o__Lactobacillales;f__Streptococcaceae;g__Streptococcus;s__Streptococcus lactarius
69823	d__Bacteria;p__Bacillota;c__Negativicutes;o__Selenomonadales;f__Selenomonadaceae;g__Selenomonas;s__Selenomonas sputigena
704125	d__Bacteria;p__Bacillota;c__Clostridia;o__Eubacteriales;f__Clostridiaceae;g__Clostridium;s__Clostridium gelidum
712116	d__Bacteria;p__Actinomycetota;c__Actinomycetes;o__Actinomycetales;f__Actinomycetaceae;g__Actinomyces;s__Actinomyces sp. oral taxon 169
712157	d__Bacteria;p__Actinomycetota;c__Coriobacteriia;o__Coriobacteriales;f__Atopobiaceae;g__Atopobium;s__Atopobium sp. oral taxon 416
712411	d__Bacteria;p__Actinomycetota;c__Coriobacteriia;o__Coriobacteriales;f__Atopobiaceae;g__Olsenella;s__Olsenella sp. oral taxon 807
712471	d__Bacteria;p__Bacteroidota;c__Bacteroidia;o__Bacteroidales;f__Prevotellaceae;g__Prevotella;s__Prevotella sp. oral taxon 475
712710	d__Bacteria;p__Bacteroidota;c__Bacteroidia;o__Bacteroidales;f__Tannerellaceae;g__Tannerella;s__Tannerella serpentiformis
71452	d__Bacteria;p__Bacillota;c__Bacilli;o__Lactobacillales;f__Enterococcaceae;g__Enterococcus;s__Enterococcus raffinosus
74426	d__Bacteria;p__Actinomycetota;c__Coriobacteriia;o__Coriobacteriales;f__Coriobacteriaceae;g__Collinsella;s__Collinsella aerofaciens
76123	d__Bacteria;p__Bacteroidota;c__Bacteroidia;o__Bacteroidales;f__Prevotellaceae;g__Hoylesella;s__Hoylesella enoeca
76857	d__Bacteria;p__Fusobacteriota;c__Fusobacteriia;o__Fusobacteriales;f__Fusobacteriaceae;g__Fusobacterium;s__Fusobacterium polymorphum
76859	d__Bacteria;p__Fusobacteriota;c__Fusobacteriia;o__Fusobacteriales;f__Fusobacteriaceae;g__Fusobacterium;s__Fusobacterium animalis
77095	d__Bacteria;p__Bacteroidota;c__Bacteroidia;o__Bacteroidales;f__Prevotellaceae;g__Segatella;s__Segatella bryantii
79604	d__Bacteria;p__Actinomycetota;c__Coriobacteriia;o__Eggerthellales;f__Eggerthellaceae;g__Denitrobacterium;s__Denitrobacterium detoxificans
81028	d__Bacteria;p__Spirochaetota;c__Spirochaetia;o__Spirochaetales;f__Treponemataceae;g__Treponema;s__Treponema brennaborense
817	d__Bacteria;p__Bacteroidota;c__Bacteroidia;o__Bacteroidales;f__Bacteroidaceae;g__Bacteroides;s__Bacteroides fragilis
818	d__Bacteria;p__Bacteroidota;c__Bacteroidia;o__Bacteroidales;f__Bacteroidaceae;g__Bacteroides;s__Bacteroides thetaiotaomicron
820	d__Bacteria;p__Bacteroidota;c__Bacteroidia;o__Bacteroidales;f__Bacteroidaceae;g__Bacteroides;s__Bacteroides uniformis
821	d__Bacteria;p__Bacteroidota;c__Bacteroidia;o__Bacteroidales;f__Bacteroidaceae;g__Phocaeicola;s__Phocaeicola vulgatus
823	d__Bacteria;p__Bacteroidota;c__Bacteroidia;o__Bacteroidales;f__Tannerellaceae;g__Parabacteroides;s__Parabacteroides distasonis
824	d__Bacteria;p__Campylobacterota;c__Epsilonproteobacteria;o__Campylobacterales;f__Campylobacteraceae;g__Campylobacter;s__Campylobacter gracilis
831	d__Bacteria;p__Bacillota;c__Clostridia;o__Lachnospirales;f__Lachnospiraceae;g__Butyrivibrio;s__Butyrivibrio fibrisolvens
837	d__Bacteria;p__Bacteroidota;c__Bacteroidia;o__Bacteroidales;f__Porphyromonadaceae;g__Porphyromonas;s__Porphyromonas gingivalis
839	d__Bacteria;p__Bacteroidota;c__Bacteroidia;o__Bacteroidales;f__Prevotellaceae;g__Xylanibacter;s__Xylanibacter ruminicola
84030	d__Bacteria;p__Bacillota;c__Clostridia;o__Lachnospirales;f__Lachnospiraceae;g__Lacrimispora;s__Lacrimispora saccharolytica
84032	d__Bacteria;p__Bacillota;c__Clostridia;o__Eubacteriales;f__Clostridiaceae;g__Clostridium;s__Clostridium thermosuccinogenes
84110	d__Bacteria;p__Actinomycetota;c__Coriobacteriia;o__Eggerthellales;f__Eggerthellaceae;g__Slackia;s__Slackia heliotrinireducens
84112	d__Bacteria;p__Actinomycetota;c__Coriobacteriia;o__Eggerthellales;f__Eggerthellaceae;g__Eggerthella;s__Eggerthella lenta
84135	d__Bacteria;p__Bacillota;c__Bacilli;o__Bacillales;f__Gemellaceae;g__Gemella;s__Gemella sanguinis
84163	d__Bacteria;p__Actinomycetota;c__Coriobacteriia;o__Eggerthellales;f__Eggerthellaceae;g__Cryptobacterium;s__Cryptobacterium curtum
847	d__Bacteria;p__Pseudomonadota;c__Betaproteobacteria;o__Burkholderiales;f__Oxalobacteraceae;g__Oxalobacter;s__Oxalobacter formigenes
850	d__Bacteria;p__Fusobacteriota;c__Fusobacteriia;o__Fusobacteriales;f__Fusobacteriaceae;g__Fusobacterium;s__Fusobacterium mortiferum
851	d__Bacteria;p__Fusobacteriota;c__Fusobacteriia;o__Fusobacteriales;f__Fusobacteriaceae;g__Fusobacterium;s__Fusobacterium nucleatum
853	d__Bacteria;p__Bacillota;c__Clostridia;o__Eubacteriales;f__Oscillospiraceae;g__Faecalibacterium;s__Faecalibacterium prausnitzii
859	d__Bacteria;p__Fusobacteriota;c__Fusobacteriia;o__Fusobacteriales;f__Fusobacteriaceae;g__Fusobacterium;s__Fusobacterium necrophorum
865	d__Bacteria;p__Bacillota;c__Negativicutes;o__Selenomonadales;f__Selenomonadaceae;g__Pectinatus;s__Pectinatus frisingensis
867595	d__Bacteria;p__Bacteroidota;c__Bacteroidia;o__Bacteroidales;f__Porphyromonadaceae;g__Porphyromonas;s__Porphyromonas pogonae
876	d__Bacteria;p__Thermodesulfobacteriota;c__Desulfovibrionia;o__Desulfovibrionales;f__Desulfovibrionaceae;g__Desulfovibrio;s__Desulfovibrio desulfuricans
879970	d__Bacteria;p__Bacillota;c__Clostridia;o__Lachnospirales;f__Defluviitaleaceae;g__Defluviitalea;s__Defluviitalea saccharophila
88058	d__Bacteria;p__Spirochaetota;c__Spirochaetia;o__Spirochaetales;f__Treponemataceae;g__Treponema;s__Treponema primitia
881	d__Bacteria;p__Thermodesulfobacteriota;c__Desulfovibrionia;o__Desulfovibrionales;f__Desulfovibrionaceae;g__Nitratidesulfovibrio;s__Nitratidesulfovibrio vulgaris
881260	d__Bacteria;p__Pseudomonadota;c__Gammaproteobacteria;o__Enterobacterales;f__Enterobacteriaceae;g__Enterobacter;s__Enterobacter bugandensis
88431	d__Bacteria;p__Bacillota;c__Clostridia;o__Lachnospirales;f__Lachnospiraceae;g__Dorea;s__Dorea longicatena
884684	d__Bacteria;p__Bacillota;c__Clostridia;o__Eubacteriales;f__Oscillospiraceae;g__Mageeibacillus;s__Mageeibacillus indolicus
886478	d__Bacteria;p__Spirochaetota;c__Spirochaetia;o__Spirochaetales;f__Sphaerochaetaceae;g__Sphaerochaeta;s__uncultured Sphaerochaeta sp.
889453	d__Bacteria;p__Bacteroidota;c__Bacteroidia;o__Marinilabiliales;f__Marinilabiliaceae;g__Alkalitalea;s__Alkalitalea saponilacus
89014	d__Bacteria;p__Bacillota;c__Clostridia;o__Lachnospirales;f__Lachnospiraceae;g__Blautia;s__Blautia luti
89152	d__Bacteria;p__Bacillota;c__Clostridia;o__Peptostreptococcales;f__Peptostreptococcaceae;g__Peptacetobacter;s__Peptacetobacter hiranonis
89153	d__Bacteria;p__Bacillota;c__Clostridia;o__Lachnospirales;f__Lachnospiraceae;g__Lachnoclostridium;s__[Clostridium] hylemonae
901	d__Bacteria;p__Thermodesulfobacteriota;c__Desulfovibrionia;o__Desulfovibrionales;f__Desulfovibrionaceae;g__Desulfovibrio;s__Desulfovibrio piger
905	d__Bacteria;p__Bacillota;c__Negativicutes;o__Acidaminococcales;f__Acidaminococcaceae;g__Acidaminococcus;s__Acidaminococcus fermentans
907	d__Bacteria;p__Bacillota;c__Negativicutes;o__Veillonellales;f__Veillonellaceae;g__Megasphaera;s__Megasphaera elsdenii
913107	d__Bacteria;p__Chloroflexota;c__Anaerolineae;o__Anaerolineales;f__Anaerolineaceae;g__Pelolinea;s__Pelolinea submarina
94869	d__Bacteria;p__Bacillota;c__Clostridia;o__Eubacteriales;f__Clostridiaceae;g__Clostridium;s__Clostridium gasigenes
971	d__Bacteria;p__Bacillota;c__Negativicutes;o__Selenomonadales;f__Selenomonadaceae;g__Selenomonas;s__Selenomonas ruminantium
97138	d__Bacteria;p__Bacillota;c__Clostridia;o__Eubacteriales;f__Clostridiaceae;g__Clostridium;s__Clostridium sp. MD294
97478	d__Bacteria;p__Bacillota;c__Bacilli;o__Lactobacillales;f__Lactobacillaceae;g__Limosilactobacillus;s__Limosilactobacillus mucosae
Y2Fubm90	d__cannot be assigned to a (non-viral) species
dW5jbGFz	d__unclassified
