# Pathway	66-MDCOL004-1A_Coverage
UNMAPPED	1.0000000000
UNINTEGRATED	1.0000000000
UNINTEGRATED|g__Akkermansia.s__Akkermansia_muciniphila	1.0000000000
UNINTEGRATED|g__Alistipes.s__Alistipes_finegoldii	1.0000000000
UNINTEGRATED|g__Alistipes.s__Alistipes_onderdonkii	1.0000000000
UNINTEGRATED|g__Bacteroides.s__Bacteroides_caccae	1.0000000000
UNINTEGRATED|g__Bacteroides.s__Bacteroides_eggerthii	1.0000000000
UNINTEGRATED|g__Bacteroides.s__Bacteroides_ovatus	1.0000000000
UNINTEGRATED|g__Bacteroides.s__Bacteroides_thetaiotaomicron	1.0000000000
UNINTEGRATED|g__Bacteroides.s__Bacteroides_uniformis	1.0000000000
UNINTEGRATED|g__Bacteroides.s__Bacteroides_vulgatus	1.0000000000
UNINTEGRATED|g__Blautia.s__Ruminococcus_torques	1.0000000000
UNINTEGRATED|g__Clostridium.s__Clostridium_sp_CAG_138	1.0000000000
UNINTEGRATED|g__Collinsella.s__Collinsella_aerofaciens	1.0000000000
UNINTEGRATED|g__Escherichia.s__Escherichia_coli	1.0000000000
UNINTEGRATED|g__Faecalibacterium.s__Faecalibacterium_prausnitzii	1.0000000000
UNINTEGRATED|g__Firmicutes_unclassified.s__Firmicutes_bacterium_CAG_102	1.0000000000
UNINTEGRATED|g__Firmicutes_unclassified.s__Firmicutes_bacterium_CAG_129	1.0000000000
UNINTEGRATED|g__Methanobrevibacter.s__Methanobrevibacter_smithii	1.0000000000
UNINTEGRATED|g__Parabacteroides.s__Parabacteroides_distasonis	1.0000000000
UNINTEGRATED|g__Prevotella.s__Prevotella_sp_CAG_520	1.0000000000
UNINTEGRATED|unclassified	1.0000000000
PWY-6609: adenine and adenosine salvage III	0.9999999986
PWY-6609: adenine and adenosine salvage III|g__Bacteroides.s__Bacteroides_vulgatus	0.7735057545
PWY-6609: adenine and adenosine salvage III|unclassified	0.9397973168
PWY-6609: adenine and adenosine salvage III|g__Clostridium.s__Clostridium_sp_CAG_138	0.6189135729
PWY-6609: adenine and adenosine salvage III|g__Bacteroides.s__Bacteroides_uniformis	0.8149329457
PWY-6609: adenine and adenosine salvage III|g__Alistipes.s__Alistipes_finegoldii	0.8824174524
PWY-6609: adenine and adenosine salvage III|g__Bacteroides.s__Bacteroides_eggerthii	0.5267886736
PWY-6609: adenine and adenosine salvage III|g__Firmicutes_unclassified.s__Firmicutes_bacterium_CAG_129	0.4216120280
PWY-6609: adenine and adenosine salvage III|g__Bacteroides.s__Bacteroides_ovatus	0.4142812179
PWY-5667: CDP-diacylglycerol biosynthesis I	0.9999993626
PWY-5667: CDP-diacylglycerol biosynthesis I|unclassified	0.9637303897
PWY-5667: CDP-diacylglycerol biosynthesis I|g__Bacteroides.s__Bacteroides_vulgatus	0.5853528852
PWY-5667: CDP-diacylglycerol biosynthesis I|g__Alistipes.s__Alistipes_finegoldii	0.6076739040
PWY-5667: CDP-diacylglycerol biosynthesis I|g__Bacteroides.s__Bacteroides_eggerthii	0.4597744263
PWY-5667: CDP-diacylglycerol biosynthesis I|g__Faecalibacterium.s__Faecalibacterium_prausnitzii	0.0580408277
PWY0-1319: CDP-diacylglycerol biosynthesis II	0.9999993626
PWY0-1319: CDP-diacylglycerol biosynthesis II|unclassified	0.9637303897
PWY0-1319: CDP-diacylglycerol biosynthesis II|g__Bacteroides.s__Bacteroides_vulgatus	0.5853528852
PWY0-1319: CDP-diacylglycerol biosynthesis II|g__Alistipes.s__Alistipes_finegoldii	0.6076739040
PWY0-1319: CDP-diacylglycerol biosynthesis II|g__Bacteroides.s__Bacteroides_eggerthii	0.4597744263
PWY0-1319: CDP-diacylglycerol biosynthesis II|g__Faecalibacterium.s__Faecalibacterium_prausnitzii	0.0580408277
TRNA-CHARGING-PWY: tRNA charging	0.9996187969
TRNA-CHARGING-PWY: tRNA charging|unclassified	0.7026625760
TRNA-CHARGING-PWY: tRNA charging|g__Bacteroides.s__Bacteroides_vulgatus	0.0173996421
TRNA-CHARGING-PWY: tRNA charging|g__Clostridium.s__Clostridium_sp_CAG_138	0.3924157006
TRNA-CHARGING-PWY: tRNA charging|g__Bacteroides.s__Bacteroides_uniformis	0.0433448294
TRNA-CHARGING-PWY: tRNA charging|g__Bacteroides.s__Bacteroides_caccae	0.0738887414
PWY-7199: pyrimidine deoxyribonucleosides salvage	0.9999988819
PWY-7199: pyrimidine deoxyribonucleosides salvage|g__Bacteroides.s__Bacteroides_vulgatus	0.7795291185
PWY-7199: pyrimidine deoxyribonucleosides salvage|unclassified	0.9755412287
PWY-7199: pyrimidine deoxyribonucleosides salvage|g__Bacteroides.s__Bacteroides_thetaiotaomicron	0.4850068335
PWY-7199: pyrimidine deoxyribonucleosides salvage|g__Bacteroides.s__Bacteroides_uniformis	0.0689999521
PWY-5686: UMP biosynthesis I	0.9999464021
PWY-5686: UMP biosynthesis I|unclassified	0.9495065846
PWY-5686: UMP biosynthesis I|g__Bacteroides.s__Bacteroides_vulgatus	0.2496017507
PWY-5686: UMP biosynthesis I|g__Alistipes.s__Alistipes_finegoldii	0.6462459422
PWY-5686: UMP biosynthesis I|g__Bacteroides.s__Bacteroides_uniformis	0.4724115268
PWY-5686: UMP biosynthesis I|g__Akkermansia.s__Akkermansia_muciniphila	0.4864773428
PWY-5686: UMP biosynthesis I|g__Bacteroides.s__Bacteroides_eggerthii	0.3627059505
PWY-5686: UMP biosynthesis I|g__Bacteroides.s__Bacteroides_ovatus	0.6007193942
PWY-5686: UMP biosynthesis I|g__Bacteroides.s__Bacteroides_thetaiotaomicron	0.0132905502
PWY-7790: UMP biosynthesis II	0.9999464021
PWY-7790: UMP biosynthesis II|unclassified	0.9495065846
PWY-7790: UMP biosynthesis II|g__Bacteroides.s__Bacteroides_vulgatus	0.2496017507
PWY-7790: UMP biosynthesis II|g__Bacteroides.s__Bacteroides_uniformis	0.4724115268
PWY-7790: UMP biosynthesis II|g__Bacteroides.s__Bacteroides_eggerthii	0.3627059505
PWY-7790: UMP biosynthesis II|g__Akkermansia.s__Akkermansia_muciniphila	0.3857649400
PWY-7790: UMP biosynthesis II|g__Bacteroides.s__Bacteroides_thetaiotaomicron	0.0681607397
PWY-7790: UMP biosynthesis II|g__Bacteroides.s__Bacteroides_ovatus	0.6007193942
PWY-7790: UMP biosynthesis II|g__Bacteroides.s__Bacteroides_caccae	0.0823668826
PWY-7791: UMP biosynthesis III	0.9999464021
PWY-7791: UMP biosynthesis III|g__Bacteroides.s__Bacteroides_vulgatus	0.6196234876
PWY-7791: UMP biosynthesis III|unclassified	0.9495065846
PWY-7791: UMP biosynthesis III|g__Bacteroides.s__Bacteroides_uniformis	0.4724115268
PWY-7791: UMP biosynthesis III|g__Bacteroides.s__Bacteroides_eggerthii	0.3627059505
PWY-7791: UMP biosynthesis III|g__Akkermansia.s__Akkermansia_muciniphila	0.3857649400
PWY-7791: UMP biosynthesis III|g__Bacteroides.s__Bacteroides_ovatus	0.6786595114
PWY-7791: UMP biosynthesis III|g__Bacteroides.s__Bacteroides_thetaiotaomicron	0.0628547687
PWY-7791: UMP biosynthesis III|g__Bacteroides.s__Bacteroides_caccae	0.0968167030
PWY-5695: inosine 5'-phosphate degradation	0.9996811885
PWY-5695: inosine 5'-phosphate degradation|g__Bacteroides.s__Bacteroides_vulgatus	0.6492084994
PWY-5695: inosine 5'-phosphate degradation|unclassified	0.7808408825
PWY-5695: inosine 5'-phosphate degradation|g__Alistipes.s__Alistipes_finegoldii	0.7552483623
PWY-5695: inosine 5'-phosphate degradation|g__Escherichia.s__Escherichia_coli	0.4008374096
PWY-5695: inosine 5'-phosphate degradation|g__Bacteroides.s__Bacteroides_eggerthii	0.4237889054
PWY-5695: inosine 5'-phosphate degradation|g__Bacteroides.s__Bacteroides_uniformis	0.0269319819
PEPTIDOGLYCANSYN-PWY: peptidoglycan biosynthesis I (meso-diaminopimelate containing)	0.9998921699
PEPTIDOGLYCANSYN-PWY: peptidoglycan biosynthesis I (meso-diaminopimelate containing)|unclassified	0.9881993063
PEPTIDOGLYCANSYN-PWY: peptidoglycan biosynthesis I (meso-diaminopimelate containing)|g__Bacteroides.s__Bacteroides_vulgatus	0.3009541685
PEPTIDOGLYCANSYN-PWY: peptidoglycan biosynthesis I (meso-diaminopimelate containing)|g__Alistipes.s__Alistipes_finegoldii	0.3319522818
PEPTIDOGLYCANSYN-PWY: peptidoglycan biosynthesis I (meso-diaminopimelate containing)|g__Bacteroides.s__Bacteroides_eggerthii	0.3730649583
PWY-3841: folate transformations II (plants)	0.9999634437
PWY-3841: folate transformations II (plants)|unclassified	0.9833876753
PWY-3841: folate transformations II (plants)|g__Bacteroides.s__Bacteroides_vulgatus	0.0695545645
PWY-3841: folate transformations II (plants)|g__Bacteroides.s__Bacteroides_eggerthii	0.7078313487
PWY-3841: folate transformations II (plants)|g__Alistipes.s__Alistipes_finegoldii	0.6298885892
PWY-3841: folate transformations II (plants)|g__Bacteroides.s__Bacteroides_uniformis	0.1693517370
PWY-3841: folate transformations II (plants)|g__Akkermansia.s__Akkermansia_muciniphila	0.4740834404
PWY-3841: folate transformations II (plants)|g__Bacteroides.s__Bacteroides_caccae	0.6997833912
PWY-3841: folate transformations II (plants)|g__Bacteroides.s__Bacteroides_thetaiotaomicron	0.3973417191
VALSYN-PWY: L-valine biosynthesis	0.9983837431
VALSYN-PWY: L-valine biosynthesis|unclassified	0.9319845452
VALSYN-PWY: L-valine biosynthesis|g__Escherichia.s__Escherichia_coli	0.7551205009
VALSYN-PWY: L-valine biosynthesis|g__Bacteroides.s__Bacteroides_vulgatus	0.0531844856
VALSYN-PWY: L-valine biosynthesis|g__Bacteroides.s__Bacteroides_thetaiotaomicron	0.9216990899
VALSYN-PWY: L-valine biosynthesis|g__Alistipes.s__Alistipes_finegoldii	0.6494086469
VALSYN-PWY: L-valine biosynthesis|g__Akkermansia.s__Akkermansia_muciniphila	0.5892708443
VALSYN-PWY: L-valine biosynthesis|g__Bacteroides.s__Bacteroides_eggerthii	0.4022981520
VALSYN-PWY: L-valine biosynthesis|g__Bacteroides.s__Bacteroides_uniformis	0.1772157177
VALSYN-PWY: L-valine biosynthesis|g__Blautia.s__Ruminococcus_torques	0.0762818694
VALSYN-PWY: L-valine biosynthesis|g__Bacteroides.s__Bacteroides_caccae	0.2314043884
VALSYN-PWY: L-valine biosynthesis|g__Alistipes.s__Alistipes_onderdonkii	0.3215390869
VALSYN-PWY: L-valine biosynthesis|g__Bacteroides.s__Bacteroides_ovatus	0.3657014815
PWY-6385: peptidoglycan biosynthesis III (mycobacteria)	0.9998196627
PWY-6385: peptidoglycan biosynthesis III (mycobacteria)|unclassified	0.9671878440
PWY-6385: peptidoglycan biosynthesis III (mycobacteria)|g__Bacteroides.s__Bacteroides_vulgatus	0.2286914337
PWY-6385: peptidoglycan biosynthesis III (mycobacteria)|g__Bacteroides.s__Bacteroides_eggerthii	0.3773015411
PWY-6385: peptidoglycan biosynthesis III (mycobacteria)|g__Alistipes.s__Alistipes_finegoldii	0.1071989639
PWY-6387: UDP-N-acetylmuramoyl-pentapeptide biosynthesis I (meso-diaminopimelate containing)	0.9998652164
PWY-6387: UDP-N-acetylmuramoyl-pentapeptide biosynthesis I (meso-diaminopimelate containing)|unclassified	0.9943273917
PWY-6387: UDP-N-acetylmuramoyl-pentapeptide biosynthesis I (meso-diaminopimelate containing)|g__Bacteroides.s__Bacteroides_vulgatus	0.2888736045
PWY-6387: UDP-N-acetylmuramoyl-pentapeptide biosynthesis I (meso-diaminopimelate containing)|g__Alistipes.s__Alistipes_finegoldii	0.2855579004
PWY-6387: UDP-N-acetylmuramoyl-pentapeptide biosynthesis I (meso-diaminopimelate containing)|g__Bacteroides.s__Bacteroides_eggerthii	0.3421132678
PWY-1042: glycolysis IV	0.8891166727
PWY-1042: glycolysis IV|g__Bacteroides.s__Bacteroides_vulgatus	0.4727731692
PWY-1042: glycolysis IV|unclassified	0.2011880069
PANTO-PWY: phosphopantothenate biosynthesis I	0.9998332475
PANTO-PWY: phosphopantothenate biosynthesis I|g__Bacteroides.s__Bacteroides_vulgatus	0.3473005121
PANTO-PWY: phosphopantothenate biosynthesis I|g__Blautia.s__Ruminococcus_torques	0.5662174137
PANTO-PWY: phosphopantothenate biosynthesis I|g__Bacteroides.s__Bacteroides_uniformis	0.4284677931
PANTO-PWY: phosphopantothenate biosynthesis I|g__Parabacteroides.s__Parabacteroides_distasonis	0.7967968687
PANTO-PWY: phosphopantothenate biosynthesis I|g__Firmicutes_unclassified.s__Firmicutes_bacterium_CAG_102	0.7716426725
PANTO-PWY: phosphopantothenate biosynthesis I|g__Akkermansia.s__Akkermansia_muciniphila	0.4687718461
PANTO-PWY: phosphopantothenate biosynthesis I|g__Bacteroides.s__Bacteroides_thetaiotaomicron	0.6854535615
PANTO-PWY: phosphopantothenate biosynthesis I|g__Bacteroides.s__Bacteroides_caccae	0.0965911821
PWY-7953: UDP-N-acetylmuramoyl-pentapeptide biosynthesis III (meso-diaminopimelate containing)	0.9997473982
PWY-7953: UDP-N-acetylmuramoyl-pentapeptide biosynthesis III (meso-diaminopimelate containing)|unclassified	0.7372723863
PWY-7953: UDP-N-acetylmuramoyl-pentapeptide biosynthesis III (meso-diaminopimelate containing)|g__Bacteroides.s__Bacteroides_vulgatus	0.2428270282
PWY-7953: UDP-N-acetylmuramoyl-pentapeptide biosynthesis III (meso-diaminopimelate containing)|g__Bacteroides.s__Bacteroides_eggerthii	0.1784789077
PWY-7953: UDP-N-acetylmuramoyl-pentapeptide biosynthesis III (meso-diaminopimelate containing)|g__Alistipes.s__Alistipes_finegoldii	0.0812703159
PWY-6386: UDP-N-acetylmuramoyl-pentapeptide biosynthesis II (lysine-containing)	0.9998227478
PWY-6386: UDP-N-acetylmuramoyl-pentapeptide biosynthesis II (lysine-containing)|unclassified	0.8629553296
PWY-6386: UDP-N-acetylmuramoyl-pentapeptide biosynthesis II (lysine-containing)|g__Bacteroides.s__Bacteroides_vulgatus	0.3051500979
PWY-6386: UDP-N-acetylmuramoyl-pentapeptide biosynthesis II (lysine-containing)|g__Bacteroides.s__Bacteroides_eggerthii	0.2206244447
PWY-6386: UDP-N-acetylmuramoyl-pentapeptide biosynthesis II (lysine-containing)|g__Alistipes.s__Alistipes_finegoldii	0.1332399401
ANAGLYCOLYSIS-PWY: glycolysis III (from glucose)	0.7806840368
ANAGLYCOLYSIS-PWY: glycolysis III (from glucose)|unclassified	0.4213957384
PWY-7221: guanosine ribonucleotides de novo biosynthesis	0.9996810704
PWY-7221: guanosine ribonucleotides de novo biosynthesis|g__Bacteroides.s__Bacteroides_vulgatus	0.6494909305
PWY-7221: guanosine ribonucleotides de novo biosynthesis|g__Bacteroides.s__Bacteroides_thetaiotaomicron	0.9251477401
PWY-7221: guanosine ribonucleotides de novo biosynthesis|g__Prevotella.s__Prevotella_sp_CAG_520	0.6013211794
PWY-7221: guanosine ribonucleotides de novo biosynthesis|g__Bacteroides.s__Bacteroides_eggerthii	0.4576948102
PWY-7221: guanosine ribonucleotides de novo biosynthesis|g__Parabacteroides.s__Parabacteroides_distasonis	0.6648659325
PWY-7221: guanosine ribonucleotides de novo biosynthesis|g__Bacteroides.s__Bacteroides_uniformis	0.0230974882
PWY-6163: chorismate biosynthesis from 3-dehydroquinate	0.9996447270
PWY-6163: chorismate biosynthesis from 3-dehydroquinate|g__Bacteroides.s__Bacteroides_vulgatus	0.3656962583
PWY-6163: chorismate biosynthesis from 3-dehydroquinate|g__Bacteroides.s__Bacteroides_eggerthii	0.5426727171
PWY-6163: chorismate biosynthesis from 3-dehydroquinate|g__Clostridium.s__Clostridium_sp_CAG_138	0.0704527878
PWY-6163: chorismate biosynthesis from 3-dehydroquinate|g__Bacteroides.s__Bacteroides_caccae	0.7035894556
PWY-6163: chorismate biosynthesis from 3-dehydroquinate|g__Parabacteroides.s__Parabacteroides_distasonis	0.4607894764
PWY-6163: chorismate biosynthesis from 3-dehydroquinate|g__Bacteroides.s__Bacteroides_uniformis	0.0169391314
PWY-6163: chorismate biosynthesis from 3-dehydroquinate|g__Bacteroides.s__Bacteroides_thetaiotaomicron	0.0242222990
DTDPRHAMSYN-PWY: dTDP-&beta;-L-rhamnose biosynthesis	0.9995427882
DTDPRHAMSYN-PWY: dTDP-&beta;-L-rhamnose biosynthesis|g__Bacteroides.s__Bacteroides_vulgatus	0.9862331289
DTDPRHAMSYN-PWY: dTDP-&beta;-L-rhamnose biosynthesis|g__Alistipes.s__Alistipes_finegoldii	0.9959538630
DTDPRHAMSYN-PWY: dTDP-&beta;-L-rhamnose biosynthesis|unclassified	0.5330539269
DTDPRHAMSYN-PWY: dTDP-&beta;-L-rhamnose biosynthesis|g__Bacteroides.s__Bacteroides_eggerthii	0.4750574577
DTDPRHAMSYN-PWY: dTDP-&beta;-L-rhamnose biosynthesis|g__Bacteroides.s__Bacteroides_uniformis	0.2227971513
1CMET2-PWY: folate transformations III (E. coli)	0.9957152889
1CMET2-PWY: folate transformations III (E. coli)|g__Bacteroides.s__Bacteroides_vulgatus	0.0748421034
1CMET2-PWY: folate transformations III (E. coli)|unclassified	0.3320835902
1CMET2-PWY: folate transformations III (E. coli)|g__Bacteroides.s__Bacteroides_thetaiotaomicron	0.3328567789
PWY-7238: sucrose biosynthesis II	0.9901685127
PWY-7238: sucrose biosynthesis II|unclassified	0.9841158554
PWY-7238: sucrose biosynthesis II|g__Clostridium.s__Clostridium_sp_CAG_138	0.3357493245
PWY-7238: sucrose biosynthesis II|g__Bacteroides.s__Bacteroides_uniformis	0.6436371853
PWY-7238: sucrose biosynthesis II|g__Firmicutes_unclassified.s__Firmicutes_bacterium_CAG_129	0.4044191609
PWY-7238: sucrose biosynthesis II|g__Bacteroides.s__Bacteroides_eggerthii	0.4301467258
PWY-7238: sucrose biosynthesis II|g__Blautia.s__Ruminococcus_torques	0.2071689874
PWY-7238: sucrose biosynthesis II|g__Collinsella.s__Collinsella_aerofaciens	0.1985315820
PWY-7977: L-methionine biosynthesis IV	0.9915044872
PWY-7977: L-methionine biosynthesis IV|unclassified	0.7440518651
PWY-7977: L-methionine biosynthesis IV|g__Bacteroides.s__Bacteroides_vulgatus	0.0178632814
PWY-7977: L-methionine biosynthesis IV|g__Bacteroides.s__Bacteroides_uniformis	0.7126501870
PWY-7977: L-methionine biosynthesis IV|g__Bacteroides.s__Bacteroides_eggerthii	0.1764423011
PWY-7977: L-methionine biosynthesis IV|g__Alistipes.s__Alistipes_finegoldii	0.1587727625
PWY-7977: L-methionine biosynthesis IV|g__Prevotella.s__Prevotella_sp_CAG_520	0.1344500216
PWY-7977: L-methionine biosynthesis IV|g__Bacteroides.s__Bacteroides_thetaiotaomicron	0.4639512681
PWY-7977: L-methionine biosynthesis IV|g__Bacteroides.s__Bacteroides_caccae	0.2436970838
PWY-7977: L-methionine biosynthesis IV|g__Bacteroides.s__Bacteroides_ovatus	0.2735976271
NONMEVIPP-PWY: methylerythritol phosphate pathway I	0.9593949143
NONMEVIPP-PWY: methylerythritol phosphate pathway I|g__Bacteroides.s__Bacteroides_vulgatus	0.0050041875
NONMEVIPP-PWY: methylerythritol phosphate pathway I|g__Alistipes.s__Alistipes_finegoldii	0.0613557778
NONMEVIPP-PWY: methylerythritol phosphate pathway I|g__Bacteroides.s__Bacteroides_eggerthii	0.0919533717
CALVIN-PWY: Calvin-Benson-Bassham cycle	0.8427158125
CALVIN-PWY: Calvin-Benson-Bassham cycle|unclassified	0.9173331310
ARO-PWY: chorismate biosynthesis I	0.9903325972
ARO-PWY: chorismate biosynthesis I|g__Bacteroides.s__Bacteroides_vulgatus	0.1622830043
ARO-PWY: chorismate biosynthesis I|g__Clostridium.s__Clostridium_sp_CAG_138	0.0529250225
ARO-PWY: chorismate biosynthesis I|g__Bacteroides.s__Bacteroides_eggerthii	0.0920655262
PWY-5973: cis-vaccenate biosynthesis	0.9930834656
PWY-5973: cis-vaccenate biosynthesis|g__Bacteroides.s__Bacteroides_vulgatus	0.0121407597
PWY-5973: cis-vaccenate biosynthesis|g__Bacteroides.s__Bacteroides_uniformis	0.2092161064
PWY-5973: cis-vaccenate biosynthesis|g__Bacteroides.s__Bacteroides_eggerthii	0.4515470959
PWY-5973: cis-vaccenate biosynthesis|g__Alistipes.s__Alistipes_finegoldii	0.1703709868
PWY-6123: inosine-5'-phosphate biosynthesis I	0.9872485735
PWY-6123: inosine-5'-phosphate biosynthesis I|g__Bacteroides.s__Bacteroides_vulgatus	0.3385268237
PWY-6123: inosine-5'-phosphate biosynthesis I|g__Alistipes.s__Alistipes_finegoldii	0.5591949094
PWY-6123: inosine-5'-phosphate biosynthesis I|g__Bacteroides.s__Bacteroides_eggerthii	0.5183862128
PWY-6123: inosine-5'-phosphate biosynthesis I|g__Bacteroides.s__Bacteroides_uniformis	0.1101180868
PWY-6123: inosine-5'-phosphate biosynthesis I|g__Bacteroides.s__Bacteroides_thetaiotaomicron	0.0376824676
PWY-6123: inosine-5'-phosphate biosynthesis I|g__Bacteroides.s__Bacteroides_ovatus	0.3689714642
PWY-7229: superpathway of adenosine nucleotides de novo biosynthesis I	0.0011906890
PWY-7663: gondoate biosynthesis (anaerobic)	0.9913692557
PWY-7663: gondoate biosynthesis (anaerobic)|g__Bacteroides.s__Bacteroides_vulgatus	0.0097362522
PWY-7663: gondoate biosynthesis (anaerobic)|g__Alistipes.s__Alistipes_finegoldii	0.6611633550
PWY-7663: gondoate biosynthesis (anaerobic)|g__Bacteroides.s__Bacteroides_eggerthii	0.5661878586
PWY-7663: gondoate biosynthesis (anaerobic)|g__Bacteroides.s__Bacteroides_uniformis	0.2051079068
PWY-7663: gondoate biosynthesis (anaerobic)|g__Escherichia.s__Escherichia_coli	0.2810921863
PWY-6122: 5-aminoimidazole ribonucleotide biosynthesis II	0.9890112004
PWY-6122: 5-aminoimidazole ribonucleotide biosynthesis II|g__Bacteroides.s__Bacteroides_vulgatus	0.2109227195
PWY-6122: 5-aminoimidazole ribonucleotide biosynthesis II|unclassified	0.3608219337
PWY-6122: 5-aminoimidazole ribonucleotide biosynthesis II|g__Bacteroides.s__Bacteroides_uniformis	0.6062362412
PWY-6122: 5-aminoimidazole ribonucleotide biosynthesis II|g__Clostridium.s__Clostridium_sp_CAG_138	0.1995122301
PWY-6122: 5-aminoimidazole ribonucleotide biosynthesis II|g__Alistipes.s__Alistipes_finegoldii	0.4452503933
PWY-6122: 5-aminoimidazole ribonucleotide biosynthesis II|g__Bacteroides.s__Bacteroides_eggerthii	0.5011741030
PWY-6122: 5-aminoimidazole ribonucleotide biosynthesis II|g__Methanobrevibacter.s__Methanobrevibacter_smithii	0.7931941181
PWY-6122: 5-aminoimidazole ribonucleotide biosynthesis II|g__Prevotella.s__Prevotella_sp_CAG_520	0.3142738186
PWY-6122: 5-aminoimidazole ribonucleotide biosynthesis II|g__Firmicutes_unclassified.s__Firmicutes_bacterium_CAG_102	0.5417525967
PWY-6122: 5-aminoimidazole ribonucleotide biosynthesis II|g__Akkermansia.s__Akkermansia_muciniphila	0.2263659596
PWY-6122: 5-aminoimidazole ribonucleotide biosynthesis II|g__Bacteroides.s__Bacteroides_thetaiotaomicron	0.4703249350
PWY-6122: 5-aminoimidazole ribonucleotide biosynthesis II|g__Bacteroides.s__Bacteroides_caccae	0.4146359582
PWY-6122: 5-aminoimidazole ribonucleotide biosynthesis II|g__Bacteroides.s__Bacteroides_ovatus	0.5472107091
PWY-6277: superpathway of 5-aminoimidazole ribonucleotide biosynthesis	0.9890112004
PWY-6277: superpathway of 5-aminoimidazole ribonucleotide biosynthesis|g__Bacteroides.s__Bacteroides_vulgatus	0.2109227195
PWY-6277: superpathway of 5-aminoimidazole ribonucleotide biosynthesis|unclassified	0.3608219337
PWY-6277: superpathway of 5-aminoimidazole ribonucleotide biosynthesis|g__Bacteroides.s__Bacteroides_uniformis	0.6062362412
PWY-6277: superpathway of 5-aminoimidazole ribonucleotide biosynthesis|g__Clostridium.s__Clostridium_sp_CAG_138	0.1995122301
PWY-6277: superpathway of 5-aminoimidazole ribonucleotide biosynthesis|g__Alistipes.s__Alistipes_finegoldii	0.4452503933
PWY-6277: superpathway of 5-aminoimidazole ribonucleotide biosynthesis|g__Bacteroides.s__Bacteroides_eggerthii	0.5011741030
PWY-6277: superpathway of 5-aminoimidazole ribonucleotide biosynthesis|g__Methanobrevibacter.s__Methanobrevibacter_smithii	0.7931941181
PWY-6277: superpathway of 5-aminoimidazole ribonucleotide biosynthesis|g__Prevotella.s__Prevotella_sp_CAG_520	0.3142738186
PWY-6277: superpathway of 5-aminoimidazole ribonucleotide biosynthesis|g__Firmicutes_unclassified.s__Firmicutes_bacterium_CAG_102	0.5417525967
PWY-6277: superpathway of 5-aminoimidazole ribonucleotide biosynthesis|g__Akkermansia.s__Akkermansia_muciniphila	0.2263659596
PWY-6277: superpathway of 5-aminoimidazole ribonucleotide biosynthesis|g__Bacteroides.s__Bacteroides_thetaiotaomicron	0.4703249350
PWY-6277: superpathway of 5-aminoimidazole ribonucleotide biosynthesis|g__Bacteroides.s__Bacteroides_caccae	0.4146359582
PWY-6277: superpathway of 5-aminoimidazole ribonucleotide biosynthesis|g__Bacteroides.s__Bacteroides_ovatus	0.5472107091
PWY-6121: 5-aminoimidazole ribonucleotide biosynthesis I	0.9873446586
PWY-6121: 5-aminoimidazole ribonucleotide biosynthesis I|g__Bacteroides.s__Bacteroides_vulgatus	0.2394345407
PWY-6121: 5-aminoimidazole ribonucleotide biosynthesis I|unclassified	0.3550707304
PWY-6121: 5-aminoimidazole ribonucleotide biosynthesis I|g__Alistipes.s__Alistipes_finegoldii	0.4959344830
PWY-6121: 5-aminoimidazole ribonucleotide biosynthesis I|g__Bacteroides.s__Bacteroides_eggerthii	0.5218604546
PWY-6121: 5-aminoimidazole ribonucleotide biosynthesis I|g__Bacteroides.s__Bacteroides_uniformis	0.0720951592
PWY-6121: 5-aminoimidazole ribonucleotide biosynthesis I|g__Bacteroides.s__Bacteroides_thetaiotaomicron	0.5258565262
PWY-6121: 5-aminoimidazole ribonucleotide biosynthesis I|g__Bacteroides.s__Bacteroides_ovatus	0.5948642719
PWY-6124: inosine-5'-phosphate biosynthesis II	0.9847372127
PWY-6124: inosine-5'-phosphate biosynthesis II|g__Bacteroides.s__Bacteroides_vulgatus	0.3021801487
PWY-6124: inosine-5'-phosphate biosynthesis II|g__Alistipes.s__Alistipes_finegoldii	0.5815117816
PWY-6124: inosine-5'-phosphate biosynthesis II|g__Bacteroides.s__Bacteroides_eggerthii	0.4953559931
PWY-6124: inosine-5'-phosphate biosynthesis II|g__Bacteroides.s__Bacteroides_uniformis	0.0936244516
PWY-6124: inosine-5'-phosphate biosynthesis II|g__Bacteroides.s__Bacteroides_thetaiotaomicron	0.0316273072
PWY-6124: inosine-5'-phosphate biosynthesis II|g__Bacteroides.s__Bacteroides_ovatus	0.3423226162
PWY-5097: L-lysine biosynthesis VI	0.8157499971
PWY-5097: L-lysine biosynthesis VI|g__Bacteroides.s__Bacteroides_vulgatus	0.0268774809
PWY-5097: L-lysine biosynthesis VI|unclassified	0.1596635059
PWY-5097: L-lysine biosynthesis VI|g__Bacteroides.s__Bacteroides_uniformis	0.3191361856
PWY-5097: L-lysine biosynthesis VI|g__Bacteroides.s__Bacteroides_eggerthii	0.1888931527
PWY-5097: L-lysine biosynthesis VI|g__Alistipes.s__Alistipes_finegoldii	0.1741771433
PWY66-429: fatty acid biosynthesis initiation (mitochondria)	0.6369593064
PWY66-429: fatty acid biosynthesis initiation (mitochondria)|g__Bacteroides.s__Bacteroides_vulgatus	0.0574251782
PWY66-429: fatty acid biosynthesis initiation (mitochondria)|unclassified	0.0389174860
PWY66-429: fatty acid biosynthesis initiation (mitochondria)|g__Bacteroides.s__Bacteroides_uniformis	0.0002284133
PWY66-429: fatty acid biosynthesis initiation (mitochondria)|g__Bacteroides.s__Bacteroides_thetaiotaomicron	0.0476178148
PWY66-429: fatty acid biosynthesis initiation (mitochondria)|g__Bacteroides.s__Bacteroides_ovatus	0.4856451806
ILEUSYN-PWY: L-isoleucine biosynthesis I (from threonine)	0.0703530886
ILEUSYN-PWY: L-isoleucine biosynthesis I (from threonine)|g__Akkermansia.s__Akkermansia_muciniphila	0.5876738330
ILEUSYN-PWY: L-isoleucine biosynthesis I (from threonine)|g__Bacteroides.s__Bacteroides_eggerthii	0.3230063494
ILEUSYN-PWY: L-isoleucine biosynthesis I (from threonine)|g__Bacteroides.s__Bacteroides_thetaiotaomicron	0.2358424616
ILEUSYN-PWY: L-isoleucine biosynthesis I (from threonine)|g__Bacteroides.s__Bacteroides_uniformis	0.0052337051
ILEUSYN-PWY: L-isoleucine biosynthesis I (from threonine)|g__Bacteroides.s__Bacteroides_caccae	0.0851276929
ILEUSYN-PWY: L-isoleucine biosynthesis I (from threonine)|g__Bacteroides.s__Bacteroides_ovatus	0.3647326125
PWY-6700: queuosine biosynthesis I (de novo)	0.5753388067
PWY-6700: queuosine biosynthesis I (de novo)|unclassified	0.8191286385
PWY-6700: queuosine biosynthesis I (de novo)|g__Bacteroides.s__Bacteroides_vulgatus	0.1304733033
PWY-6700: queuosine biosynthesis I (de novo)|g__Bacteroides.s__Bacteroides_uniformis	0.5072850946
PWY-6700: queuosine biosynthesis I (de novo)|g__Akkermansia.s__Akkermansia_muciniphila	0.6516969110
PWY-6700: queuosine biosynthesis I (de novo)|g__Bacteroides.s__Bacteroides_eggerthii	0.6008945641
PWY-6700: queuosine biosynthesis I (de novo)|g__Firmicutes_unclassified.s__Firmicutes_bacterium_CAG_129	0.3958638238
PWY-6700: queuosine biosynthesis I (de novo)|g__Bacteroides.s__Bacteroides_thetaiotaomicron	0.6953301707
PWY-6700: queuosine biosynthesis I (de novo)|g__Bacteroides.s__Bacteroides_caccae	0.3720126858
PWY-6700: queuosine biosynthesis I (de novo)|g__Bacteroides.s__Bacteroides_ovatus	0.6155319531
PWY-2942: L-lysine biosynthesis III	0.5673393587
PWY-2942: L-lysine biosynthesis III|g__Bacteroides.s__Bacteroides_uniformis	0.4620421863
PWY-2942: L-lysine biosynthesis III|g__Bacteroides.s__Bacteroides_eggerthii	0.0665546791
PHOSLIPSYN-PWY: superpathway of phospholipid biosynthesis I (bacteria)	0.0265738719
PHOSLIPSYN-PWY: superpathway of phospholipid biosynthesis I (bacteria)|unclassified	0.1931344059
SER-GLYSYN-PWY: superpathway of L-serine and glycine biosynthesis I	0.7440188151
SER-GLYSYN-PWY: superpathway of L-serine and glycine biosynthesis I|g__Bacteroides.s__Bacteroides_vulgatus	0.1273689460
SER-GLYSYN-PWY: superpathway of L-serine and glycine biosynthesis I|g__Alistipes.s__Alistipes_finegoldii	0.5710878366
SER-GLYSYN-PWY: superpathway of L-serine and glycine biosynthesis I|g__Bacteroides.s__Bacteroides_thetaiotaomicron	0.6477121171
SER-GLYSYN-PWY: superpathway of L-serine and glycine biosynthesis I|g__Bacteroides.s__Bacteroides_uniformis	0.0941981532
SER-GLYSYN-PWY: superpathway of L-serine and glycine biosynthesis I|g__Bacteroides.s__Bacteroides_eggerthii	0.0583819510
SER-GLYSYN-PWY: superpathway of L-serine and glycine biosynthesis I|g__Bacteroides.s__Bacteroides_ovatus	0.5795049792
SER-GLYSYN-PWY: superpathway of L-serine and glycine biosynthesis I|g__Alistipes.s__Alistipes_onderdonkii	0.4479476808
SER-GLYSYN-PWY: superpathway of L-serine and glycine biosynthesis I|g__Bacteroides.s__Bacteroides_caccae	0.0482194594
BRANCHED-CHAIN-AA-SYN-PWY: superpathway of branched chain amino acid biosynthesis	0.0703251326
BRANCHED-CHAIN-AA-SYN-PWY: superpathway of branched chain amino acid biosynthesis|g__Bacteroides.s__Bacteroides_eggerthii	0.3357165682
BRANCHED-CHAIN-AA-SYN-PWY: superpathway of branched chain amino acid biosynthesis|g__Bacteroides.s__Bacteroides_uniformis	0.0048001385
BRANCHED-CHAIN-AA-SYN-PWY: superpathway of branched chain amino acid biosynthesis|g__Bacteroides.s__Bacteroides_caccae	0.1073771549
NONOXIPENT-PWY: pentose phosphate pathway (non-oxidative branch) I	0.7282654104
NONOXIPENT-PWY: pentose phosphate pathway (non-oxidative branch) I|g__Escherichia.s__Escherichia_coli	0.9945357376
NONOXIPENT-PWY: pentose phosphate pathway (non-oxidative branch) I|unclassified	0.7150546248
NONOXIPENT-PWY: pentose phosphate pathway (non-oxidative branch) I|g__Firmicutes_unclassified.s__Firmicutes_bacterium_CAG_102	0.4711876482
PWY-6151: S-adenosyl-L-methionine salvage I	0.7908906752
PWY-6151: S-adenosyl-L-methionine salvage I|g__Bacteroides.s__Bacteroides_vulgatus	0.2914326020
PWY-6151: S-adenosyl-L-methionine salvage I|unclassified	0.6984089796
PWY-6151: S-adenosyl-L-methionine salvage I|g__Bacteroides.s__Bacteroides_uniformis	0.4197615393
PWY-5103: L-isoleucine biosynthesis III	0.2642553366
PWY-5103: L-isoleucine biosynthesis III|g__Akkermansia.s__Akkermansia_muciniphila	0.5731626104
PWY-5103: L-isoleucine biosynthesis III|unclassified	0.0051825908
PWY-5103: L-isoleucine biosynthesis III|g__Bacteroides.s__Bacteroides_eggerthii	0.2734176526
PWY-5103: L-isoleucine biosynthesis III|g__Bacteroides.s__Bacteroides_thetaiotaomicron	0.1627780784
PWY-5103: L-isoleucine biosynthesis III|g__Bacteroides.s__Bacteroides_uniformis	0.0033030849
PWY-5103: L-isoleucine biosynthesis III|g__Bacteroides.s__Bacteroides_caccae	0.0594661033
PWY-5103: L-isoleucine biosynthesis III|g__Bacteroides.s__Bacteroides_ovatus	0.3355741918
PWY0-1586: peptidoglycan maturation (meso-diaminopimelate containing)	0.9366784266
PWY0-1586: peptidoglycan maturation (meso-diaminopimelate containing)|unclassified	0.9309454723
PWY0-1586: peptidoglycan maturation (meso-diaminopimelate containing)|g__Bacteroides.s__Bacteroides_vulgatus	0.0692543749
PWY0-1586: peptidoglycan maturation (meso-diaminopimelate containing)|g__Bacteroides.s__Bacteroides_thetaiotaomicron	0.6085467963
COMPLETE-ARO-PWY: superpathway of aromatic amino acid biosynthesis	0.0000022162
PANTOSYN-PWY: superpathway of coenzyme A biosynthesis I (bacteria)	0.1237013728
PANTOSYN-PWY: superpathway of coenzyme A biosynthesis I (bacteria)|g__Bacteroides.s__Bacteroides_uniformis	0.0861053534
PWY-8178: pentose phosphate pathway (non-oxidative branch) II	0.7237828059
PWY-8178: pentose phosphate pathway (non-oxidative branch) II|unclassified	0.7033216557
PWY-8178: pentose phosphate pathway (non-oxidative branch) II|g__Escherichia.s__Escherichia_coli	0.7108009705
HISDEG-PWY: L-histidine degradation I	0.8675342123
HISDEG-PWY: L-histidine degradation I|g__Bacteroides.s__Bacteroides_vulgatus	0.0263868423
HISDEG-PWY: L-histidine degradation I|g__Clostridium.s__Clostridium_sp_CAG_138	0.2616214593
HISDEG-PWY: L-histidine degradation I|g__Bacteroides.s__Bacteroides_uniformis	0.4952980914
HISDEG-PWY: L-histidine degradation I|g__Bacteroides.s__Bacteroides_eggerthii	0.4998517339
HISDEG-PWY: L-histidine degradation I|g__Firmicutes_unclassified.s__Firmicutes_bacterium_CAG_129	0.4548304641
HISDEG-PWY: L-histidine degradation I|g__Bacteroides.s__Bacteroides_thetaiotaomicron	0.2932978919
HISDEG-PWY: L-histidine degradation I|g__Alistipes.s__Alistipes_finegoldii	0.0034813620
HISDEG-PWY: L-histidine degradation I|g__Alistipes.s__Alistipes_onderdonkii	0.3009164962
THRESYN-PWY: superpathway of L-threonine biosynthesis	0.2864119783
THRESYN-PWY: superpathway of L-threonine biosynthesis|g__Bacteroides.s__Bacteroides_vulgatus	0.0208215548
THRESYN-PWY: superpathway of L-threonine biosynthesis|g__Bacteroides.s__Bacteroides_eggerthii	0.2091960061
THRESYN-PWY: superpathway of L-threonine biosynthesis|g__Bacteroides.s__Bacteroides_uniformis	0.0112294997
GLYCOGENSYNTH-PWY: glycogen biosynthesis I (from ADP-D-Glucose)	0.4379525654
GLYCOGENSYNTH-PWY: glycogen biosynthesis I (from ADP-D-Glucose)|unclassified	0.6562128203
GLYCOGENSYNTH-PWY: glycogen biosynthesis I (from ADP-D-Glucose)|g__Clostridium.s__Clostridium_sp_CAG_138	0.0397497901
GLYCOGENSYNTH-PWY: glycogen biosynthesis I (from ADP-D-Glucose)|g__Bacteroides.s__Bacteroides_thetaiotaomicron	0.2192887108
GLYCOGENSYNTH-PWY: glycogen biosynthesis I (from ADP-D-Glucose)|g__Bacteroides.s__Bacteroides_caccae	0.0924836572
PWY-841: superpathway of purine nucleotides de novo biosynthesis I	0.0010420019
PWY-6126: superpathway of adenosine nucleotides de novo biosynthesis II	0.0006949134
PWY-724: superpathway of L-lysine, L-threonine and L-methionine biosynthesis II	0.3365139838
PWY-724: superpathway of L-lysine, L-threonine and L-methionine biosynthesis II|g__Bacteroides.s__Bacteroides_uniformis	0.1751543600
PWY-724: superpathway of L-lysine, L-threonine and L-methionine biosynthesis II|g__Bacteroides.s__Bacteroides_eggerthii	0.0611190150
PWY-6902: chitin degradation II (Vibrio)	0.2771320684
PWY-6902: chitin degradation II (Vibrio)|g__Bacteroides.s__Bacteroides_uniformis	0.3245482343
PWY-6902: chitin degradation II (Vibrio)|g__Bacteroides.s__Bacteroides_thetaiotaomicron	0.8219540828
PWY-6902: chitin degradation II (Vibrio)|unclassified	0.0012030175
PWY-7111: pyruvate fermentation to isobutanol (engineered)	0.0365568154
PWY-7111: pyruvate fermentation to isobutanol (engineered)|unclassified	0.8673199827
RHAMCAT-PWY: L-rhamnose degradation I	0.6012072851
RHAMCAT-PWY: L-rhamnose degradation I|g__Bacteroides.s__Bacteroides_vulgatus	0.4154362845
RHAMCAT-PWY: L-rhamnose degradation I|g__Bacteroides.s__Bacteroides_uniformis	0.5262130817
RHAMCAT-PWY: L-rhamnose degradation I|g__Bacteroides.s__Bacteroides_thetaiotaomicron	0.8643919818
RHAMCAT-PWY: L-rhamnose degradation I|g__Bacteroides.s__Bacteroides_caccae	0.0940675832
PYRIDNUCSYN-PWY: NAD de novo biosynthesis I (from aspartate)	0.0006494438
PYRIDNUCSYN-PWY: NAD de novo biosynthesis I (from aspartate)|g__Bacteroides.s__Bacteroides_vulgatus	0.0262601576
PYRIDNUCSYN-PWY: NAD de novo biosynthesis I (from aspartate)|g__Bacteroides.s__Bacteroides_thetaiotaomicron	0.0443884582
PWY-3001: superpathway of L-isoleucine biosynthesis I	0.0000009785
PWY-6147: 6-hydroxymethyl-dihydropterin diphosphate biosynthesis I	0.1835875484
PWY-6147: 6-hydroxymethyl-dihydropterin diphosphate biosynthesis I|g__Bacteroides.s__Bacteroides_vulgatus	0.7765626633
PWY-6147: 6-hydroxymethyl-dihydropterin diphosphate biosynthesis I|g__Bacteroides.s__Bacteroides_uniformis	0.4510846714
PWY-6147: 6-hydroxymethyl-dihydropterin diphosphate biosynthesis I|unclassified	0.0052963540
COA-PWY-1: superpathway of coenzyme A biosynthesis III (mammals)	0.0115892271
COA-PWY-1: superpathway of coenzyme A biosynthesis III (mammals)|unclassified	0.0220026793
PWY-7228: superpathway of guanosine nucleotides de novo biosynthesis I	0.0005956992
PWY-7228: superpathway of guanosine nucleotides de novo biosynthesis I|g__Bacteroides.s__Bacteroides_vulgatus	0.7137851318
PWY-7228: superpathway of guanosine nucleotides de novo biosynthesis I|g__Bacteroides.s__Bacteroides_thetaiotaomicron	0.7254647177
PWY-7228: superpathway of guanosine nucleotides de novo biosynthesis I|g__Prevotella.s__Prevotella_sp_CAG_520	0.3465247257
FASYN-ELONG-PWY: fatty acid elongation -- saturated	0.0006957253
FASYN-ELONG-PWY: fatty acid elongation -- saturated|g__Bacteroides.s__Bacteroides_vulgatus	0.0002232332
FASYN-ELONG-PWY: fatty acid elongation -- saturated|g__Alistipes.s__Alistipes_finegoldii	0.2424739538
COA-PWY: coenzyme A biosynthesis I (prokaryotic)	0.0626900360
COA-PWY: coenzyme A biosynthesis I (prokaryotic)|g__Bacteroides.s__Bacteroides_eggerthii	0.6617373902
COA-PWY: coenzyme A biosynthesis I (prokaryotic)|g__Bacteroides.s__Bacteroides_uniformis	0.3725566738
COA-PWY: coenzyme A biosynthesis I (prokaryotic)|g__Prevotella.s__Prevotella_sp_CAG_520	0.5759697323
COA-PWY: coenzyme A biosynthesis I (prokaryotic)|g__Blautia.s__Ruminococcus_torques	0.4297013706
COA-PWY: coenzyme A biosynthesis I (prokaryotic)|unclassified	0.0176799447
OANTIGEN-PWY: O-antigen building blocks biosynthesis (E. coli)	0.0005006245
PWY-5941: glycogen degradation II	0.0000000051
PWY-5941: glycogen degradation II|unclassified	0.4478759450
PWY-5941: glycogen degradation II|g__Collinsella.s__Collinsella_aerofaciens	0.2130621904
PWY-5941: glycogen degradation II|g__Bacteroides.s__Bacteroides_thetaiotaomicron	0.0492932780
PWY0-1296: purine ribonucleosides degradation	0.0000621981
PWY0-1296: purine ribonucleosides degradation|unclassified	0.0235093175
PWY0-1296: purine ribonucleosides degradation|g__Clostridium.s__Clostridium_sp_CAG_138	0.1376717295
PWY0-1296: purine ribonucleosides degradation|g__Escherichia.s__Escherichia_coli	0.1314510452
PWY-7664: oleate biosynthesis IV (anaerobic)	0.0006088130
PWY-7664: oleate biosynthesis IV (anaerobic)|g__Bacteroides.s__Bacteroides_vulgatus	0.0001958907
PWY-7664: oleate biosynthesis IV (anaerobic)|g__Alistipes.s__Alistipes_finegoldii	0.1881861065
PWY0-162: superpathway of pyrimidine ribonucleotides de novo biosynthesis	0.0001636816
ASPASN-PWY: superpathway of L-aspartate and L-asparagine biosynthesis	0.0989741490
ASPASN-PWY: superpathway of L-aspartate and L-asparagine biosynthesis|g__Bacteroides.s__Bacteroides_vulgatus	0.6299270801
ASPASN-PWY: superpathway of L-aspartate and L-asparagine biosynthesis|unclassified	0.4883439447
ASPASN-PWY: superpathway of L-aspartate and L-asparagine biosynthesis|g__Bacteroides.s__Bacteroides_eggerthii	0.4007779483
ASPASN-PWY: superpathway of L-aspartate and L-asparagine biosynthesis|g__Bacteroides.s__Bacteroides_uniformis	0.0071502715
RIBOSYN2-PWY: flavin biosynthesis I (bacteria and plants)	0.0000162111
RIBOSYN2-PWY: flavin biosynthesis I (bacteria and plants)|g__Bacteroides.s__Bacteroides_vulgatus	0.1030143892
RIBOSYN2-PWY: flavin biosynthesis I (bacteria and plants)|unclassified	0.0291446921
PWY4FS-7: phosphatidylglycerol biosynthesis I (plastidic)	0.0031777310
PWY4FS-7: phosphatidylglycerol biosynthesis I (plastidic)|unclassified	0.0382786213
PWY4FS-8: phosphatidylglycerol biosynthesis II (non-plastidic)	0.0031777310
PWY4FS-8: phosphatidylglycerol biosynthesis II (non-plastidic)|unclassified	0.0382786213
PWY0-862: (5Z)-dodecenoate biosynthesis I	0.0005218855
PWY0-862: (5Z)-dodecenoate biosynthesis I|g__Bacteroides.s__Bacteroides_vulgatus	0.0001683905
PWY0-862: (5Z)-dodecenoate biosynthesis I|g__Alistipes.s__Alistipes_finegoldii	0.1449233163
PWY-6282: palmitoleate biosynthesis I (from (5Z)-dodec-5-enoate)	0.0005218853
PWY-6282: palmitoleate biosynthesis I (from (5Z)-dodec-5-enoate)|g__Bacteroides.s__Bacteroides_vulgatus	0.0001680708
PWY-6282: palmitoleate biosynthesis I (from (5Z)-dodec-5-enoate)|g__Alistipes.s__Alistipes_finegoldii	0.1980392853
PWY-7851: coenzyme A biosynthesis II (eukaryotic)	0.0092929213
PWY-7851: coenzyme A biosynthesis II (eukaryotic)|unclassified	0.0176799447
ARGININE-SYN4-PWY: L-ornithine biosynthesis II	0.1073774229
ARGININE-SYN4-PWY: L-ornithine biosynthesis II|unclassified	0.8582469707
ARGININE-SYN4-PWY: L-ornithine biosynthesis II|g__Bacteroides.s__Bacteroides_vulgatus	0.1688118915
ARGININE-SYN4-PWY: L-ornithine biosynthesis II|g__Bacteroides.s__Bacteroides_uniformis	0.2901287776
ARGININE-SYN4-PWY: L-ornithine biosynthesis II|g__Bacteroides.s__Bacteroides_thetaiotaomicron	0.1666351125
PWY-6519: 8-amino-7-oxononanoate biosynthesis I	0.0006374866
PWY-6519: 8-amino-7-oxononanoate biosynthesis I|g__Bacteroides.s__Bacteroides_vulgatus	0.0002054063
PWY-6125: superpathway of guanosine nucleotides de novo biosynthesis II	0.0004633829
PWY-6125: superpathway of guanosine nucleotides de novo biosynthesis II|g__Bacteroides.s__Bacteroides_vulgatus	0.5188850402
PWY-6125: superpathway of guanosine nucleotides de novo biosynthesis II|g__Bacteroides.s__Bacteroides_thetaiotaomicron	0.6934398525
ARGSYN-PWY: L-arginine biosynthesis I (via L-ornithine)	0.0085297395
ARGSYN-PWY: L-arginine biosynthesis I (via L-ornithine)|g__Alistipes.s__Alistipes_finegoldii	0.5518528087
ARGSYN-PWY: L-arginine biosynthesis I (via L-ornithine)|unclassified	0.0290259108
PWY-6608: guanosine nucleotides degradation III	0.0009366021
PWY-6608: guanosine nucleotides degradation III|unclassified	0.7808408825
PWY-6608: guanosine nucleotides degradation III|g__Escherichia.s__Escherichia_coli	0.2956959418
ARGSYNBSUB-PWY: L-arginine biosynthesis II (acetyl cycle)	0.0077712668
ARGSYNBSUB-PWY: L-arginine biosynthesis II (acetyl cycle)|unclassified	0.0371984554
ARGSYNBSUB-PWY: L-arginine biosynthesis II (acetyl cycle)|g__Akkermansia.s__Akkermansia_muciniphila	0.5211717392
PWY-7237: myo-, chiro- and scyllo-inositol degradation	0.2812721928
PWY-7237: myo-, chiro- and scyllo-inositol degradation|g__Parabacteroides.s__Parabacteroides_distasonis	0.9743529598
PWY-5989: stearate biosynthesis II (bacteria and plants)	0.0005218294
PWY-5989: stearate biosynthesis II (bacteria and plants)|g__Bacteroides.s__Bacteroides_vulgatus	0.0001683904
PWY-5989: stearate biosynthesis II (bacteria and plants)|g__Alistipes.s__Alistipes_finegoldii	0.1937275154
PWY-6168: flavin biosynthesis III (fungi)	0.0000000003
PWY-7400: L-arginine biosynthesis IV (archaebacteria)	0.0000000245
PWY-6270: isoprene biosynthesis I	0.0000000000
BIOTIN-BIOSYNTHESIS-PWY: biotin biosynthesis I	0.0002534837
BIOTIN-BIOSYNTHESIS-PWY: biotin biosynthesis I|g__Bacteroides.s__Bacteroides_vulgatus	0.0002612924
PWY-6629: superpathway of L-tryptophan biosynthesis	0.0000003438
PENTOSE-P-PWY: pentose phosphate pathway	0.0003566404
PENTOSE-P-PWY: pentose phosphate pathway|unclassified	0.0457007604
UDPNAGSYN-PWY: UDP-N-acetyl-D-glucosamine biosynthesis I	0.0002508052
UDPNAGSYN-PWY: UDP-N-acetyl-D-glucosamine biosynthesis I|unclassified	0.0361602428
UDPNAGSYN-PWY: UDP-N-acetyl-D-glucosamine biosynthesis I|g__Firmicutes_unclassified.s__Firmicutes_bacterium_CAG_102	0.4932850260
HISTSYN-PWY: L-histidine biosynthesis	0.0005184730
HISTSYN-PWY: L-histidine biosynthesis|g__Bacteroides.s__Bacteroides_vulgatus	0.0000163537
HISTSYN-PWY: L-histidine biosynthesis|g__Alistipes.s__Alistipes_finegoldii	0.2447777976
PWY-7560: methylerythritol phosphate pathway II	0.0000000000
PWY-5154: L-arginine biosynthesis III (via N-acetyl-L-citrulline)	0.0021038881
PWY-5154: L-arginine biosynthesis III (via N-acetyl-L-citrulline)|unclassified	0.0372426082
PWY-5154: L-arginine biosynthesis III (via N-acetyl-L-citrulline)|g__Alistipes.s__Alistipes_finegoldii	0.5346897476
SALVADEHYPOX-PWY: adenosine nucleotides degradation II	0.0007806236
SALVADEHYPOX-PWY: adenosine nucleotides degradation II|unclassified	0.8016973510
SALVADEHYPOX-PWY: adenosine nucleotides degradation II|g__Escherichia.s__Escherichia_coli	0.3439353323
GLUCONEO-PWY: gluconeogenesis I	0.0000000000
GLUCONEO-PWY: gluconeogenesis I|unclassified	0.0470917745
PWY-I9: L-cysteine biosynthesis VI (from L-methionine)	0.0000607822
PWY-I9: L-cysteine biosynthesis VI (from L-methionine)|unclassified	0.0127760677
PWY-7208: superpathway of pyrimidine nucleobases salvage	0.0003972116
PWY0-845: superpathway of pyridoxal 5'-phosphate biosynthesis and salvage	0.0000002830
PWY0-845: superpathway of pyridoxal 5'-phosphate biosynthesis and salvage|g__Bacteroides.s__Bacteroides_caccae	0.3743836430
PWY-6703: preQ0 biosynthesis	0.0040724320
PWY-6703: preQ0 biosynthesis|g__Bacteroides.s__Bacteroides_vulgatus	0.0742159154
PWY-6703: preQ0 biosynthesis|g__Bacteroides.s__Bacteroides_uniformis	0.5458570015
PWY-6703: preQ0 biosynthesis|unclassified	0.0514096064
PWY-6703: preQ0 biosynthesis|g__Bacteroides.s__Bacteroides_eggerthii	0.1394558411
GLUTORN-PWY: L-ornithine biosynthesis I	0.0018325930
GLUTORN-PWY: L-ornithine biosynthesis I|unclassified	0.3853800284
GLUTORN-PWY: L-ornithine biosynthesis I|g__Alistipes.s__Alistipes_finegoldii	0.5656806608
CITRULBIO-PWY: L-citrulline biosynthesis	0.0000979086
PWY-8187: L-arginine degradation XIII (reductive Stickland reaction)	0.0040536752
PWY-8187: L-arginine degradation XIII (reductive Stickland reaction)|unclassified	0.5649806019
PWY-7220: adenosine deoxyribonucleotides de novo biosynthesis II	0.0002979384
PWY-7220: adenosine deoxyribonucleotides de novo biosynthesis II|g__Bacteroides.s__Bacteroides_vulgatus	0.8585080040
PWY-7220: adenosine deoxyribonucleotides de novo biosynthesis II|g__Bacteroides.s__Bacteroides_thetaiotaomicron	0.5924535872
PWY-7222: guanosine deoxyribonucleotides de novo biosynthesis II	0.0002979384
PWY-7222: guanosine deoxyribonucleotides de novo biosynthesis II|g__Bacteroides.s__Bacteroides_vulgatus	0.8585080040
PWY-7222: guanosine deoxyribonucleotides de novo biosynthesis II|g__Bacteroides.s__Bacteroides_thetaiotaomicron	0.5924535872
PWY-5030: L-histidine degradation III	0.0000002733
PWY-5030: L-histidine degradation III|g__Bacteroides.s__Bacteroides_vulgatus	0.0305669526
PWY-5030: L-histidine degradation III|g__Bacteroides.s__Bacteroides_uniformis	0.5155788569
PWY-5030: L-histidine degradation III|g__Bacteroides.s__Bacteroides_eggerthii	0.1708872621
PWY-5030: L-histidine degradation III|g__Bacteroides.s__Bacteroides_thetaiotaomicron	0.3660248034
PWY-5659: GDP-mannose biosynthesis	0.0001211978
PWY-5659: GDP-mannose biosynthesis|g__Bacteroides.s__Bacteroides_vulgatus	0.0000000469
ANAEROFRUCAT-PWY: homolactic fermentation	0.0000000000
ANAEROFRUCAT-PWY: homolactic fermentation|unclassified	0.0760353454
PYRIDOXSYN-PWY: pyridoxal 5'-phosphate biosynthesis I	0.0000002291
PYRIDOXSYN-PWY: pyridoxal 5'-phosphate biosynthesis I|g__Bacteroides.s__Bacteroides_eggerthii	0.1713936479
PYRIDOXSYN-PWY: pyridoxal 5'-phosphate biosynthesis I|g__Bacteroides.s__Bacteroides_caccae	0.2109008652
PWY-7383: anaerobic energy metabolism (invertebrates, cytosol)	0.0000000594
PWY-7383: anaerobic energy metabolism (invertebrates, cytosol)|unclassified	0.0110745199
GLYCOLYSIS: glycolysis I (from glucose 6-phosphate)	0.0000000000
GLYCOLYSIS: glycolysis I (from glucose 6-phosphate)|unclassified	0.0634757036
PWY-5484: glycolysis II (from fructose 6-phosphate)	0.0000000000
PWY-5484: glycolysis II (from fructose 6-phosphate)|unclassified	0.0634755702
COLANSYN-PWY: colanic acid building blocks biosynthesis	0.0000000038
PWY-5347: superpathway of L-methionine biosynthesis (transsulfuration)	0.0000000000
PWY-5347: superpathway of L-methionine biosynthesis (transsulfuration)|unclassified	0.5910295260
PWY-1269: CMP-3-deoxy-D-manno-octulosonate biosynthesis	0.0002274083
PWY-1269: CMP-3-deoxy-D-manno-octulosonate biosynthesis|g__Bacteroides.s__Bacteroides_thetaiotaomicron	0.4582226086
PWY-1269: CMP-3-deoxy-D-manno-octulosonate biosynthesis|g__Bacteroides.s__Bacteroides_caccae	0.1045962778
PWY-3781: aerobic respiration I (cytochrome c)	0.0000002118
PWY-3781: aerobic respiration I (cytochrome c)|unclassified	0.1925670573
PWY66-399: gluconeogenesis III	0.0000000000
PWY66-399: gluconeogenesis III|unclassified	0.0223152308
THISYN-PWY: superpathway of thiamine diphosphate biosynthesis I	0.0000000000
PWY-6901: superpathway of glucose and xylose degradation	0.0000000000
PWY-6901: superpathway of glucose and xylose degradation|unclassified	0.0341032503
TRPSYN-PWY: L-tryptophan biosynthesis	0.0000001598
TRPSYN-PWY: L-tryptophan biosynthesis|g__Bacteroides.s__Bacteroides_vulgatus	0.0097810300
METSYN-PWY: superpathway of L-homoserine and L-methionine biosynthesis	0.0000000000
METSYN-PWY: superpathway of L-homoserine and L-methionine biosynthesis|unclassified	0.6674405373
PWY-6892: thiazole component of thiamine diphosphate biosynthesis I	0.0000057503
PWY-6892: thiazole component of thiamine diphosphate biosynthesis I|g__Bacteroides.s__Bacteroides_caccae	0.1115058588
PWY-6892: thiazole component of thiamine diphosphate biosynthesis I|g__Bacteroides.s__Bacteroides_thetaiotaomicron	0.0205279093
PWY-6892: thiazole component of thiamine diphosphate biosynthesis I|g__Bacteroides.s__Bacteroides_ovatus	0.4601594720
PWY-7197: pyrimidine deoxyribonucleotide phosphorylation	0.0002648362
PWY-6317: D-galactose degradation I (Leloir pathway)	0.0000000032
PWY-6317: D-galactose degradation I (Leloir pathway)|unclassified	0.3414634738
PWY-6897: thiamine diphosphate salvage II	0.0000000002
PWY-6897: thiamine diphosphate salvage II|g__Bacteroides.s__Bacteroides_uniformis	0.1922878547
PWY-5345: superpathway of L-methionine biosynthesis (by sulfhydrylation)	0.0000000000
MET-SAM-PWY: superpathway of S-adenosyl-L-methionine biosynthesis	0.0000000000
MET-SAM-PWY: superpathway of S-adenosyl-L-methionine biosynthesis|unclassified	0.6946904655
PWY-5104: L-isoleucine biosynthesis IV	0.0000000995
COBALSYN-PWY: superpathway of adenosylcobalamin salvage from cobinamide I	0.0000000148
GLYCOCAT-PWY: glycogen degradation I	0.0000000000
PWY-4984: urea cycle	0.0000000224
PWY-4984: urea cycle|g__Alistipes.s__Alistipes_finegoldii	0.3891256158
HSERMETANA-PWY: L-methionine biosynthesis III	0.0000000000
HSERMETANA-PWY: L-methionine biosynthesis III|unclassified	0.3959407765
HSERMETANA-PWY: L-methionine biosynthesis III|g__Akkermansia.s__Akkermansia_muciniphila	0.6151831828
PWY-5121: superpathway of geranylgeranyl diphosphate biosynthesis II (via MEP)	0.0000000000
PWY-5121: superpathway of geranylgeranyl diphosphate biosynthesis II (via MEP)|g__Bacteroides.s__Bacteroides_vulgatus	0.0039582874
PWY0-1477: ethanolamine utilization	0.0000007913
PWY0-1477: ethanolamine utilization|g__Escherichia.s__Escherichia_coli	0.9503279160
PWY0-1477: ethanolamine utilization|unclassified	0.7133328899
NAGLIPASYN-PWY: lipid IVA biosynthesis (E. coli)	0.0000000000
NAGLIPASYN-PWY: lipid IVA biosynthesis (E. coli)|g__Bacteroides.s__Bacteroides_uniformis	0.2491114174
PWY-8073: lipid IVA biosynthesis (P. putida)	0.0000000000
PWY-8073: lipid IVA biosynthesis (P. putida)|g__Bacteroides.s__Bacteroides_uniformis	0.2491114174
PWY-7282: 4-amino-2-methyl-5-diphosphomethylpyrimidine biosynthesis II	0.0000000000
PWY-7357: thiamine phosphate formation from pyrithiamine and oxythiamine (yeast)	0.0000000001
PWY-7357: thiamine phosphate formation from pyrithiamine and oxythiamine (yeast)|g__Bacteroides.s__Bacteroides_uniformis	0.3002170542
PWY-6731: starch degradation III	0.0000000017
PWY-6731: starch degradation III|unclassified	0.1752055388
SO4ASSIM-PWY: assimilatory sulfate reduction I	0.0000000078
PWY-7328: superpathway of UDP-glucose-derived O-antigen building blocks biosynthesis	0.0000000017
PWY-7328: superpathway of UDP-glucose-derived O-antigen building blocks biosynthesis|unclassified	0.2073194991
PWY-7392: taxadiene biosynthesis (engineered)	0.0000000000
PWY-6527: stachyose degradation	0.0000000000
PWY-6527: stachyose degradation|unclassified	0.0305889014
PWY-7761: NAD salvage pathway II (PNC IV cycle)	0.0000000000
SULFATE-CYS-PWY: superpathway of sulfate assimilation and cysteine biosynthesis	0.0000000000
HOMOSER-METSYN-PWY: L-methionine biosynthesis I	0.0000000000
HOMOSER-METSYN-PWY: L-methionine biosynthesis I|unclassified	0.5356052260
PWY-7323: superpathway of GDP-mannose-derived O-antigen building blocks biosynthesis	0.0000000000
PWY-7234: inosine-5'-phosphate biosynthesis III	0.0000000000
PWY-7234: inosine-5'-phosphate biosynthesis III|g__Alistipes.s__Alistipes_finegoldii	0.4370904055
PWY-6305: superpathway of putrescine biosynthesis	0.0000000013
PWY-6305: superpathway of putrescine biosynthesis|g__Escherichia.s__Escherichia_coli	0.0632840394
PWY66-409: superpathway of purine nucleotide salvage	0.0000000000
PWY-7117: C4 photosynthetic carbon assimilation cycle, PEPCK type	0.0000000000
PWY-7117: C4 photosynthetic carbon assimilation cycle, PEPCK type|unclassified	0.1907355021
PWY-6628: superpathway of L-phenylalanine biosynthesis	0.0000000000
PWY0-1298: superpathway of pyrimidine deoxyribonucleosides degradation	0.0000000000
PWY-4041: &gamma;-glutamyl cycle	0.0000000000
PWY-4041: &gamma;-glutamyl cycle|unclassified	0.4644791975
PWY-7198: pyrimidine deoxyribonucleotides de novo biosynthesis IV	0.0000000000
PWY-241: C4 photosynthetic carbon assimilation cycle, NADP-ME type	0.0000000000
PWY-241: C4 photosynthetic carbon assimilation cycle, NADP-ME type|unclassified	0.0002337133
PWY0-166: superpathway of pyrimidine deoxyribonucleotides de novo biosynthesis (E. coli)	0.0000000000
GLUDEG-I-PWY: GABA shunt	0.0000000000
PWY-6936: seleno-amino acid biosynthesis (plants)	0.0000000000
PWY-6936: seleno-amino acid biosynthesis (plants)|unclassified	0.3374016685
PWY0-1261: anhydromuropeptides recycling I	0.0000000000
PWY-7184: pyrimidine deoxyribonucleotides de novo biosynthesis I	0.0000000000
PWY-821: superpathway of sulfur amino acid biosynthesis (Saccharomyces cerevisiae)	0.0000000000
THISYNARA-PWY: superpathway of thiamine diphosphate biosynthesis III (eukaryotes)	0.0000000000
THISYNARA-PWY: superpathway of thiamine diphosphate biosynthesis III (eukaryotes)|g__Bacteroides.s__Bacteroides_uniformis	0.2352249025
GLUCOSE1PMETAB-PWY: glucose and glucose-1-phosphate degradation	0.0000000009
GLUCOSE1PMETAB-PWY: glucose and glucose-1-phosphate degradation|unclassified	0.1200191387
PWY-6545: pyrimidine deoxyribonucleotides de novo biosynthesis III	0.0000000000
PWY-7456: &beta;-(1,4)-mannan degradation	0.0000000000
PWY-702: L-methionine biosynthesis II	0.0000000000
PWY-6353: purine nucleotides degradation II (aerobic)	0.0000000000
PWY-6353: purine nucleotides degradation II (aerobic)|unclassified	0.0323333696
P461-PWY: hexitol fermentation to lactate, formate, ethanol and acetate	0.0000000000
POLYISOPRENSYN-PWY: polyisoprenoid biosynthesis (E. coli)	0.0000000000
GLCMANNANAUT-PWY: superpathway of N-acetylglucosamine, N-acetylmannosamine and N-acetylneuraminate degradation	0.0000000000
PWY0-1241: ADP-L-glycero-&beta;-D-manno-heptose biosynthesis	0.0000000000
PWY-5981: CDP-diacylglycerol biosynthesis III	0.0000000000
PWY-5913: partial TCA cycle (obligate autotrophs)	0.0000000000
PWY-5913: partial TCA cycle (obligate autotrophs)|unclassified	0.3823692228
GALACTARDEG-PWY: D-galactarate degradation I	0.0000000000
GALACTARDEG-PWY: D-galactarate degradation I|unclassified	0.1316890764
GLUCARGALACTSUPER-PWY: superpathway of D-glucarate and D-galactarate degradation	0.0000000000
GLUCARGALACTSUPER-PWY: superpathway of D-glucarate and D-galactarate degradation|unclassified	0.1316890764
PWY-2941: L-lysine biosynthesis II	0.0000000000
ORNDEG-PWY: superpathway of ornithine degradation	0.0000000000
ORNDEG-PWY: superpathway of ornithine degradation|unclassified	0.7693653802
PWY0-301: L-ascorbate degradation I (bacterial, anaerobic)	0.0000000000
PWY0-301: L-ascorbate degradation I (bacterial, anaerobic)|unclassified	0.1676594965
HEXITOLDEGSUPER-PWY: superpathway of hexitol degradation (bacteria)	0.0000000000
FERMENTATION-PWY: mixed acid fermentation	0.0000000000
FERMENTATION-PWY: mixed acid fermentation|unclassified	0.0168912134
PWY-5136: fatty acid &beta;-oxidation II (plant peroxisome)	0.0000000000
PWY-5136: fatty acid &beta;-oxidation II (plant peroxisome)|unclassified	0.0220186957
PWY-7356: thiamine diphosphate salvage IV (yeast)	0.0000000000
FUC-RHAMCAT-PWY: superpathway of fucose and rhamnose degradation	0.0000000000
PWY-6859: all-trans-farnesol biosynthesis	0.0000000000
HEMESYN2-PWY: heme b biosynthesis II (oxygen-independent)	0.0000000000
HEMESYN2-PWY: heme b biosynthesis II (oxygen-independent)|unclassified	0.0846157143
HEMESYN2-PWY: heme b biosynthesis II (oxygen-independent)|g__Escherichia.s__Escherichia_coli	0.2681802334
GLYCOLYSIS-E-D: superpathway of glycolysis and the Entner-Doudoroff pathway	0.0000000000
GLYCOLYSIS-E-D: superpathway of glycolysis and the Entner-Doudoroff pathway|unclassified	0.0112900321
PWY-6803: phosphatidylcholine acyl editing	0.0000000000
PWY-6803: phosphatidylcholine acyl editing|g__Escherichia.s__Escherichia_coli	0.4866235012
PWY0-1479: tRNA processing	0.0000000000
PWY0-1479: tRNA processing|unclassified	0.0216131929
KETOGLUCONMET-PWY: ketogluconate metabolism	0.0000000000
KETOGLUCONMET-PWY: ketogluconate metabolism|g__Escherichia.s__Escherichia_coli	0.2038127411
KETOGLUCONMET-PWY: ketogluconate metabolism|unclassified	0.0005644718
PWY1ZNC-1: assimilatory sulfate reduction IV	0.0000000000
PWY0-781: aspartate superpathway	0.0000000000
PWY-5497: purine nucleobases degradation II (anaerobic)	0.0000000000
PWY-8004: Entner-Doudoroff pathway I	0.0000000000
PWY-8004: Entner-Doudoroff pathway I|unclassified	0.0130242997
NAD-BIOSYNTHESIS-II: NAD salvage pathway III (to nicotinamide riboside)	0.0000000000
P4-PWY: superpathway of L-lysine, L-threonine and L-methionine biosynthesis I	0.0000000000
GLUCARDEG-PWY: D-glucarate degradation I	0.0000000000
GLUCARDEG-PWY: D-glucarate degradation I|unclassified	0.1238503671
PWY-6895: superpathway of thiamine diphosphate biosynthesis II	0.0000000000
ARG+POLYAMINE-SYN: superpathway of arginine and polyamine biosynthesis	0.0000000000
DAPLYSINESYN-PWY: L-lysine biosynthesis I	0.0000000000
DAPLYSINESYN-PWY: L-lysine biosynthesis I|unclassified	0.0000083920
PWY-6749: CMP-legionaminate biosynthesis I	0.0000000000
PWY-6969: TCA cycle V (2-oxoglutarate synthase)	0.0000000000
TCA: TCA cycle I (prokaryotic)	0.0000000000
PWY0-1297: superpathway of purine deoxyribonucleosides degradation	0.0000000000
PWY-561: superpathway of glyoxylate cycle and fatty acid degradation	0.0000000000
P105-PWY: TCA cycle IV (2-oxoglutarate decarboxylase)	0.0000000000
P105-PWY: TCA cycle IV (2-oxoglutarate decarboxylase)|unclassified	0.0090444655
FAO-PWY: fatty acid &beta;-oxidation I (generic)	0.0000000000
FAO-PWY: fatty acid &beta;-oxidation I (generic)|unclassified	0.0137212910
PWY-7118: chitin deacetylation	0.0000000000
PWY-7118: chitin deacetylation|unclassified	0.0127189177
TCA-GLYOX-BYPASS: superpathway of glyoxylate bypass and TCA	0.0000000000
PYRIDNUCSAL-PWY: NAD salvage pathway I (PNC VI cycle)	0.0000000000
PWY-6572: chondroitin sulfate degradation I (bacterial)	0.0000000000
PWY-6572: chondroitin sulfate degradation I (bacterial)|g__Bacteroides.s__Bacteroides_thetaiotaomicron	0.7178757375
PWY-5130: 2-oxobutanoate degradation I	0.0000000000
PWY-5130: 2-oxobutanoate degradation I|unclassified	0.0400682335
PWY-6823: molybdopterin biosynthesis	0.0000000000
PWY-6823: molybdopterin biosynthesis|g__Blautia.s__Ruminococcus_torques	0.2937760332
GLYOXYLATE-BYPASS: glyoxylate cycle	0.0000000000
GLYOXYLATE-BYPASS: glyoxylate cycle|unclassified	0.0049008128
GALACTITOLCAT-PWY: galactitol degradation	0.0000000000
GALACTITOLCAT-PWY: galactitol degradation|unclassified	0.0012435031
PWY0-1415: superpathway of heme b biosynthesis from uroporphyrinogen-III	0.0000000000
PWY0-1415: superpathway of heme b biosynthesis from uroporphyrinogen-III|g__Escherichia.s__Escherichia_coli	0.1404334614
GLYCOL-GLYOXDEG-PWY: superpathway of glycol metabolism and degradation	0.0000000000
GLYCOL-GLYOXDEG-PWY: superpathway of glycol metabolism and degradation|unclassified	0.0115926458
LACTOSECAT-PWY: lactose and galactose degradation I	0.0000000000
HEME-BIOSYNTHESIS-II-1: heme b biosynthesis V (aerobic)	0.0000000000
HEME-BIOSYNTHESIS-II-1: heme b biosynthesis V (aerobic)|g__Escherichia.s__Escherichia_coli	0.1333371145
HEME-BIOSYNTHESIS-II-1: heme b biosynthesis V (aerobic)|unclassified	0.0063981136
PWY-6606: guanosine nucleotides degradation II	0.0000000000
PWY-6606: guanosine nucleotides degradation II|unclassified	0.0248274418
PWY3O-4107: NAD salvage pathway V (PNC V cycle)	0.0000000000
GLUCUROCAT-PWY: superpathway of &beta;-D-glucuronosides degradation	0.0000000000
GLUCUROCAT-PWY: superpathway of &beta;-D-glucuronosides degradation|unclassified	0.0117392670
PWY-7115: C4 photosynthetic carbon assimilation cycle, NAD-ME type	0.0000000000
PWY-7115: C4 photosynthetic carbon assimilation cycle, NAD-ME type|unclassified	0.0013532518
GALACT-GLUCUROCAT-PWY: superpathway of hexuronide and hexuronate degradation	0.0000000000
GALACT-GLUCUROCAT-PWY: superpathway of hexuronide and hexuronate degradation|unclassified	0.0110913671
FUCCAT-PWY: fucose degradation	0.0000000000
P108-PWY: pyruvate fermentation to propanoate I	0.0000000000
POLYAMSYN-PWY: superpathway of polyamine biosynthesis I	0.0000000000
PWY-6507: 4-deoxy-L-threo-hex-4-enopyranuronate degradation	0.0000000000
PWY-6507: 4-deoxy-L-threo-hex-4-enopyranuronate degradation|unclassified	0.0061733261
PWY-5100: pyruvate fermentation to acetate and lactate II	0.0000000000
PWY-5100: pyruvate fermentation to acetate and lactate II|unclassified	0.0058861480
GALACTUROCAT-PWY: D-galacturonate degradation I	0.0000000000
GALACTUROCAT-PWY: D-galacturonate degradation I|unclassified	0.0096566274
PWY-5138: fatty acid &beta;-oxidation IV (unsaturated, even number)	0.0000000000
PWY-5138: fatty acid &beta;-oxidation IV (unsaturated, even number)|unclassified	0.0074137156
PWY0-1338: polymyxin resistance	0.0000000000
PWY0-1061: superpathway of L-alanine biosynthesis	0.0000000000
PWY-7242: D-fructuronate degradation	0.0000000000
PWY-7242: D-fructuronate degradation|unclassified	0.0079952130
HEME-BIOSYNTHESIS-II: heme b biosynthesis I (aerobic)	0.0000000000
HEME-BIOSYNTHESIS-II: heme b biosynthesis I (aerobic)|unclassified	0.0063981136
PWY-7942: 5-oxo-L-proline metabolism	0.0000000000
P42-PWY: incomplete reductive TCA cycle	0.0000000000
PWY-7204: pyridoxal 5'-phosphate salvage II (plants)	0.0000000000
PWY-5855: ubiquinol-7 biosynthesis (early decarboxylation)	0.0000000000
PWY-7999: vitamin K-epoxide cycle	0.0000000000
PWY-7999: vitamin K-epoxide cycle|unclassified	0.0049569268