# Pathway	7-MDCOL058-Stool-1A-Baseline-BSB-2-4-1-3_Coverage
UNMAPPED	1.0000000000
UNINTEGRATED	1.0000000000
UNINTEGRATED|g__Adlercreutzia.s__Adlercreutzia_equolifaciens	1.0000000000
UNINTEGRATED|g__Asaccharobacter.s__Asaccharobacter_celatus	1.0000000000
UNINTEGRATED|g__Bacteroides.s__Bacteroides_ovatus	1.0000000000
UNINTEGRATED|g__Bacteroides.s__Bacteroides_uniformis	1.0000000000
UNINTEGRATED|g__Bacteroides.s__Bacteroides_vulgatus	1.0000000000
UNINTEGRATED|g__Blautia.s__Blautia_obeum	1.0000000000
UNINTEGRATED|g__Blautia.s__Blautia_sp	1.0000000000
UNINTEGRATED|g__Blautia.s__Blautia_sp_CAG_52	1.0000000000
UNINTEGRATED|g__Blautia.s__Blautia_wexlerae	1.0000000000
UNINTEGRATED|g__Blautia.s__Ruminococcus_torques	1.0000000000
UNINTEGRATED|g__Dialister.s__Dialister_invisus	1.0000000000
UNINTEGRATED|g__Eggerthella.s__Eggerthella_lenta	1.0000000000
UNINTEGRATED|g__Erysipelatoclostridium.s__Clostridium_innocuum	1.0000000000
UNINTEGRATED|g__Eubacterium.s__Eubacterium_eligens	1.0000000000
UNINTEGRATED|g__Eubacterium.s__Eubacterium_hallii	1.0000000000
UNINTEGRATED|g__Faecalibacterium.s__Faecalibacterium_prausnitzii	1.0000000000
UNINTEGRATED|g__Firmicutes_unclassified.s__Firmicutes_bacterium_CAG_103	1.0000000000
UNINTEGRATED|g__Firmicutes_unclassified.s__Firmicutes_bacterium_CAG_124	1.0000000000
UNINTEGRATED|g__Firmicutes_unclassified.s__Firmicutes_bacterium_CAG_41	1.0000000000
UNINTEGRATED|g__Firmicutes_unclassified.s__Firmicutes_bacterium_CAG_83	1.0000000000
UNINTEGRATED|g__Gemmiger.s__Gemmiger_formicilis	1.0000000000
UNINTEGRATED|g__Gordonibacter.s__Gordonibacter_pamelaeae	1.0000000000
UNINTEGRATED|g__Hungatella.s__Hungatella_hathewayi	1.0000000000
UNINTEGRATED|g__Lachnoclostridium.s__Clostridium_clostridioforme	1.0000000000
UNINTEGRATED|g__Lachnoclostridium.s__Lachnoclostridium_sp_An118	1.0000000000
UNINTEGRATED|g__Oscillibacter.s__Oscillibacter_sp_57_20	1.0000000000
UNINTEGRATED|g__Ruminococcus.s__Ruminococcus_bicirculans	1.0000000000
UNINTEGRATED|unclassified	1.0000000000
PWY-1042: glycolysis IV	0.9986951848
PWY-1042: glycolysis IV|g__Bacteroides.s__Bacteroides_vulgatus	0.6558815268
PWY-1042: glycolysis IV|unclassified	0.2305861564
PWY-1042: glycolysis IV|g__Blautia.s__Ruminococcus_torques	0.1415427035
PWY-1042: glycolysis IV|g__Blautia.s__Blautia_sp	0.1489508426
PWY-1042: glycolysis IV|g__Blautia.s__Blautia_wexlerae	0.0000000000
PWY-5686: UMP biosynthesis I	0.9999994996
PWY-5686: UMP biosynthesis I|g__Bacteroides.s__Bacteroides_vulgatus	0.2067186555
PWY-5686: UMP biosynthesis I|unclassified	0.0002958984
PWY-5686: UMP biosynthesis I|g__Firmicutes_unclassified.s__Firmicutes_bacterium_CAG_103	0.5678512027
PWY-5686: UMP biosynthesis I|g__Bacteroides.s__Bacteroides_ovatus	0.1528797181
PWY-5686: UMP biosynthesis I|g__Blautia.s__Blautia_wexlerae	0.1062854278
PWY-5686: UMP biosynthesis I|g__Blautia.s__Ruminococcus_torques	0.6919764314
PWY-5686: UMP biosynthesis I|g__Dialister.s__Dialister_invisus	0.4705402433
PWY-5686: UMP biosynthesis I|g__Bacteroides.s__Bacteroides_uniformis	0.2618165279
PWY-5686: UMP biosynthesis I|g__Blautia.s__Blautia_sp	0.1811359221
PWY-5686: UMP biosynthesis I|g__Gemmiger.s__Gemmiger_formicilis	0.2677010493
PWY-5686: UMP biosynthesis I|g__Asaccharobacter.s__Asaccharobacter_celatus	0.4894339685
PWY-5686: UMP biosynthesis I|g__Ruminococcus.s__Ruminococcus_bicirculans	0.2767495321
PWY-5686: UMP biosynthesis I|g__Adlercreutzia.s__Adlercreutzia_equolifaciens	0.4275958773
PWY-7790: UMP biosynthesis II	0.9999994996
PWY-7790: UMP biosynthesis II|g__Bacteroides.s__Bacteroides_vulgatus	0.2067186555
PWY-7790: UMP biosynthesis II|unclassified	0.0000001284
PWY-7790: UMP biosynthesis II|g__Firmicutes_unclassified.s__Firmicutes_bacterium_CAG_103	0.5678512027
PWY-7790: UMP biosynthesis II|g__Bacteroides.s__Bacteroides_ovatus	0.1528797181
PWY-7790: UMP biosynthesis II|g__Blautia.s__Blautia_wexlerae	0.1062854278
PWY-7790: UMP biosynthesis II|g__Blautia.s__Ruminococcus_torques	0.6919764314
PWY-7790: UMP biosynthesis II|g__Dialister.s__Dialister_invisus	0.4705402433
PWY-7790: UMP biosynthesis II|g__Bacteroides.s__Bacteroides_uniformis	0.2618165279
PWY-7790: UMP biosynthesis II|g__Blautia.s__Blautia_sp	0.1811359221
PWY-7790: UMP biosynthesis II|g__Gemmiger.s__Gemmiger_formicilis	0.2677010493
PWY-7790: UMP biosynthesis II|g__Asaccharobacter.s__Asaccharobacter_celatus	0.4894339685
PWY-7790: UMP biosynthesis II|g__Ruminococcus.s__Ruminococcus_bicirculans	0.2767495321
PWY-7790: UMP biosynthesis II|g__Adlercreutzia.s__Adlercreutzia_equolifaciens	0.4275958773
PWY-7791: UMP biosynthesis III	0.9999994996
PWY-7791: UMP biosynthesis III|g__Bacteroides.s__Bacteroides_vulgatus	0.2067186555
PWY-7791: UMP biosynthesis III|unclassified	0.0000001284
PWY-7791: UMP biosynthesis III|g__Firmicutes_unclassified.s__Firmicutes_bacterium_CAG_103	0.5678512027
PWY-7791: UMP biosynthesis III|g__Bacteroides.s__Bacteroides_ovatus	0.1528797181
PWY-7791: UMP biosynthesis III|g__Blautia.s__Blautia_wexlerae	0.1062854278
PWY-7791: UMP biosynthesis III|g__Blautia.s__Ruminococcus_torques	0.6919764314
PWY-7791: UMP biosynthesis III|g__Dialister.s__Dialister_invisus	0.4705402433
PWY-7791: UMP biosynthesis III|g__Bacteroides.s__Bacteroides_uniformis	0.2618165279
PWY-7791: UMP biosynthesis III|g__Blautia.s__Blautia_sp	0.1811359221
PWY-7791: UMP biosynthesis III|g__Gemmiger.s__Gemmiger_formicilis	0.2677010493
PWY-7791: UMP biosynthesis III|g__Asaccharobacter.s__Asaccharobacter_celatus	0.4894339685
PWY-7791: UMP biosynthesis III|g__Ruminococcus.s__Ruminococcus_bicirculans	0.2767495321
PWY-7791: UMP biosynthesis III|g__Adlercreutzia.s__Adlercreutzia_equolifaciens	0.4275958773
GLYCOGENSYNTH-PWY: glycogen biosynthesis I (from ADP-D-Glucose)	1.0000000000
GLYCOGENSYNTH-PWY: glycogen biosynthesis I (from ADP-D-Glucose)|unclassified	0.5737476340
GLYCOGENSYNTH-PWY: glycogen biosynthesis I (from ADP-D-Glucose)|g__Blautia.s__Blautia_obeum	0.9981159759
GLYCOGENSYNTH-PWY: glycogen biosynthesis I (from ADP-D-Glucose)|g__Blautia.s__Blautia_wexlerae	0.7522441721
GLYCOGENSYNTH-PWY: glycogen biosynthesis I (from ADP-D-Glucose)|g__Bacteroides.s__Bacteroides_ovatus	0.2783154082
GLYCOGENSYNTH-PWY: glycogen biosynthesis I (from ADP-D-Glucose)|g__Firmicutes_unclassified.s__Firmicutes_bacterium_CAG_103	0.2519832825
GLYCOGENSYNTH-PWY: glycogen biosynthesis I (from ADP-D-Glucose)|g__Blautia.s__Ruminococcus_torques	0.8879749106
GLYCOGENSYNTH-PWY: glycogen biosynthesis I (from ADP-D-Glucose)|g__Firmicutes_unclassified.s__Firmicutes_bacterium_CAG_83	0.1734735817
GLYCOGENSYNTH-PWY: glycogen biosynthesis I (from ADP-D-Glucose)|g__Blautia.s__Blautia_sp	0.7406368682
GLYCOGENSYNTH-PWY: glycogen biosynthesis I (from ADP-D-Glucose)|g__Gemmiger.s__Gemmiger_formicilis	0.7134462736
GLYCOGENSYNTH-PWY: glycogen biosynthesis I (from ADP-D-Glucose)|g__Ruminococcus.s__Ruminococcus_bicirculans	0.5988273447
GLYCOGENSYNTH-PWY: glycogen biosynthesis I (from ADP-D-Glucose)|g__Eubacterium.s__Eubacterium_eligens	0.4650406828
GLYCOGENSYNTH-PWY: glycogen biosynthesis I (from ADP-D-Glucose)|g__Firmicutes_unclassified.s__Firmicutes_bacterium_CAG_124	0.1009566114
GLYCOGENSYNTH-PWY: glycogen biosynthesis I (from ADP-D-Glucose)|g__Faecalibacterium.s__Faecalibacterium_prausnitzii	0.4781430246
PWY-6609: adenine and adenosine salvage III	1.0000000000
PWY-6609: adenine and adenosine salvage III|unclassified	0.9179127207
PWY-6609: adenine and adenosine salvage III|g__Bacteroides.s__Bacteroides_vulgatus	0.3085000035
PWY-6609: adenine and adenosine salvage III|g__Firmicutes_unclassified.s__Firmicutes_bacterium_CAG_103	0.5468891734
PWY-6609: adenine and adenosine salvage III|g__Firmicutes_unclassified.s__Firmicutes_bacterium_CAG_83	0.2178373475
PWY-6609: adenine and adenosine salvage III|g__Blautia.s__Blautia_wexlerae	0.1013057944
PWY-6609: adenine and adenosine salvage III|g__Dialister.s__Dialister_invisus	0.4659736708
PWY-6609: adenine and adenosine salvage III|g__Bacteroides.s__Bacteroides_ovatus	0.0000000000
PWY-6609: adenine and adenosine salvage III|g__Blautia.s__Ruminococcus_torques	0.0399745090
PWY-6609: adenine and adenosine salvage III|g__Firmicutes_unclassified.s__Firmicutes_bacterium_CAG_124	0.7729095518
PWY-6609: adenine and adenosine salvage III|g__Blautia.s__Blautia_sp	0.2297810147
PWY-6609: adenine and adenosine salvage III|g__Eggerthella.s__Eggerthella_lenta	0.8410237141
PWY-6609: adenine and adenosine salvage III|g__Eubacterium.s__Eubacterium_eligens	0.6204785332
PWY-6609: adenine and adenosine salvage III|g__Bacteroides.s__Bacteroides_uniformis	0.0181976993
PWY-6609: adenine and adenosine salvage III|g__Adlercreutzia.s__Adlercreutzia_equolifaciens	0.5517182382
PWY-6609: adenine and adenosine salvage III|g__Ruminococcus.s__Ruminococcus_bicirculans	0.1254208321
PWY-6609: adenine and adenosine salvage III|g__Blautia.s__Blautia_obeum	0.0000000000
PWY-6609: adenine and adenosine salvage III|g__Asaccharobacter.s__Asaccharobacter_celatus	0.0172431645
DTDPRHAMSYN-PWY: dTDP-&beta;-L-rhamnose biosynthesis	1.0000000000
DTDPRHAMSYN-PWY: dTDP-&beta;-L-rhamnose biosynthesis|g__Bacteroides.s__Bacteroides_vulgatus	0.9999999989
DTDPRHAMSYN-PWY: dTDP-&beta;-L-rhamnose biosynthesis|g__Bacteroides.s__Bacteroides_ovatus	0.9999998931
DTDPRHAMSYN-PWY: dTDP-&beta;-L-rhamnose biosynthesis|unclassified	0.0774835949
DTDPRHAMSYN-PWY: dTDP-&beta;-L-rhamnose biosynthesis|g__Firmicutes_unclassified.s__Firmicutes_bacterium_CAG_103	0.1108509695
DTDPRHAMSYN-PWY: dTDP-&beta;-L-rhamnose biosynthesis|g__Blautia.s__Blautia_obeum	0.4969275453
DTDPRHAMSYN-PWY: dTDP-&beta;-L-rhamnose biosynthesis|g__Blautia.s__Ruminococcus_torques	0.4765895436
DTDPRHAMSYN-PWY: dTDP-&beta;-L-rhamnose biosynthesis|g__Blautia.s__Blautia_wexlerae	0.0000483431
DTDPRHAMSYN-PWY: dTDP-&beta;-L-rhamnose biosynthesis|g__Bacteroides.s__Bacteroides_uniformis	0.5271984798
DTDPRHAMSYN-PWY: dTDP-&beta;-L-rhamnose biosynthesis|g__Eubacterium.s__Eubacterium_hallii	0.7822148828
DTDPRHAMSYN-PWY: dTDP-&beta;-L-rhamnose biosynthesis|g__Gemmiger.s__Gemmiger_formicilis	0.0189721386
DTDPRHAMSYN-PWY: dTDP-&beta;-L-rhamnose biosynthesis|g__Erysipelatoclostridium.s__Clostridium_innocuum	0.5463212348
DTDPRHAMSYN-PWY: dTDP-&beta;-L-rhamnose biosynthesis|g__Eubacterium.s__Eubacterium_eligens	0.0011280522
DTDPRHAMSYN-PWY: dTDP-&beta;-L-rhamnose biosynthesis|g__Blautia.s__Blautia_sp_CAG_52	0.0558961293
PWY-7221: guanosine ribonucleotides de novo biosynthesis	0.9999869864
PWY-7221: guanosine ribonucleotides de novo biosynthesis|unclassified	0.9999524070
PWY-7221: guanosine ribonucleotides de novo biosynthesis|g__Bacteroides.s__Bacteroides_vulgatus	0.9214494754
PWY-7221: guanosine ribonucleotides de novo biosynthesis|g__Bacteroides.s__Bacteroides_ovatus	0.7688248564
PWY-7221: guanosine ribonucleotides de novo biosynthesis|g__Blautia.s__Blautia_wexlerae	0.1424884279
PWY-7221: guanosine ribonucleotides de novo biosynthesis|g__Blautia.s__Ruminococcus_torques	0.3360498238
PWY-7221: guanosine ribonucleotides de novo biosynthesis|g__Dialister.s__Dialister_invisus	0.4763972038
PWY-7221: guanosine ribonucleotides de novo biosynthesis|g__Bacteroides.s__Bacteroides_uniformis	0.2391519057
PWY-7221: guanosine ribonucleotides de novo biosynthesis|g__Asaccharobacter.s__Asaccharobacter_celatus	0.7313278165
PWY-7221: guanosine ribonucleotides de novo biosynthesis|g__Blautia.s__Blautia_sp	0.0795691869
PWY-7221: guanosine ribonucleotides de novo biosynthesis|g__Ruminococcus.s__Ruminococcus_bicirculans	0.4990099517
PWY-7221: guanosine ribonucleotides de novo biosynthesis|g__Lachnoclostridium.s__Clostridium_clostridioforme	0.0087552638
PWY-7221: guanosine ribonucleotides de novo biosynthesis|g__Gordonibacter.s__Gordonibacter_pamelaeae	0.1640807513
TRNA-CHARGING-PWY: tRNA charging	0.0294451685
TRNA-CHARGING-PWY: tRNA charging|unclassified	0.9690904775
TRNA-CHARGING-PWY: tRNA charging|g__Bacteroides.s__Bacteroides_vulgatus	0.0425368056
TRNA-CHARGING-PWY: tRNA charging|g__Bacteroides.s__Bacteroides_ovatus	0.1850942115
TRNA-CHARGING-PWY: tRNA charging|g__Bacteroides.s__Bacteroides_uniformis	0.1558285496
TRNA-CHARGING-PWY: tRNA charging|g__Gemmiger.s__Gemmiger_formicilis	0.3115434252
TRNA-CHARGING-PWY: tRNA charging|g__Blautia.s__Ruminococcus_torques	0.0000000000
PEPTIDOGLYCANSYN-PWY: peptidoglycan biosynthesis I (meso-diaminopimelate containing)	0.9999998870
PEPTIDOGLYCANSYN-PWY: peptidoglycan biosynthesis I (meso-diaminopimelate containing)|unclassified	0.0036561721
PEPTIDOGLYCANSYN-PWY: peptidoglycan biosynthesis I (meso-diaminopimelate containing)|g__Bacteroides.s__Bacteroides_vulgatus	0.3403588267
PEPTIDOGLYCANSYN-PWY: peptidoglycan biosynthesis I (meso-diaminopimelate containing)|g__Bacteroides.s__Bacteroides_ovatus	0.3884254305
PEPTIDOGLYCANSYN-PWY: peptidoglycan biosynthesis I (meso-diaminopimelate containing)|g__Firmicutes_unclassified.s__Firmicutes_bacterium_CAG_83	0.3492077212
PEPTIDOGLYCANSYN-PWY: peptidoglycan biosynthesis I (meso-diaminopimelate containing)|g__Blautia.s__Blautia_obeum	0.1736272034
PEPTIDOGLYCANSYN-PWY: peptidoglycan biosynthesis I (meso-diaminopimelate containing)|g__Blautia.s__Blautia_wexlerae	0.0602067654
PEPTIDOGLYCANSYN-PWY: peptidoglycan biosynthesis I (meso-diaminopimelate containing)|g__Blautia.s__Ruminococcus_torques	0.4423865110
PEPTIDOGLYCANSYN-PWY: peptidoglycan biosynthesis I (meso-diaminopimelate containing)|g__Dialister.s__Dialister_invisus	0.3465873272
PEPTIDOGLYCANSYN-PWY: peptidoglycan biosynthesis I (meso-diaminopimelate containing)|g__Bacteroides.s__Bacteroides_uniformis	0.4026599636
PEPTIDOGLYCANSYN-PWY: peptidoglycan biosynthesis I (meso-diaminopimelate containing)|g__Blautia.s__Blautia_sp	0.3335455020
PEPTIDOGLYCANSYN-PWY: peptidoglycan biosynthesis I (meso-diaminopimelate containing)|g__Asaccharobacter.s__Asaccharobacter_celatus	0.0195932451
PWY-6387: UDP-N-acetylmuramoyl-pentapeptide biosynthesis I (meso-diaminopimelate containing)	0.9999998587
PWY-6387: UDP-N-acetylmuramoyl-pentapeptide biosynthesis I (meso-diaminopimelate containing)|g__Bacteroides.s__Bacteroides_vulgatus	0.2984732791
PWY-6387: UDP-N-acetylmuramoyl-pentapeptide biosynthesis I (meso-diaminopimelate containing)|unclassified	0.0029270789
PWY-6387: UDP-N-acetylmuramoyl-pentapeptide biosynthesis I (meso-diaminopimelate containing)|g__Bacteroides.s__Bacteroides_ovatus	0.3783086732
PWY-6387: UDP-N-acetylmuramoyl-pentapeptide biosynthesis I (meso-diaminopimelate containing)|g__Firmicutes_unclassified.s__Firmicutes_bacterium_CAG_83	0.3175442132
PWY-6387: UDP-N-acetylmuramoyl-pentapeptide biosynthesis I (meso-diaminopimelate containing)|g__Blautia.s__Blautia_wexlerae	0.0868255447
PWY-6387: UDP-N-acetylmuramoyl-pentapeptide biosynthesis I (meso-diaminopimelate containing)|g__Blautia.s__Blautia_obeum	0.1722411355
PWY-6387: UDP-N-acetylmuramoyl-pentapeptide biosynthesis I (meso-diaminopimelate containing)|g__Blautia.s__Ruminococcus_torques	0.4085313637
PWY-6387: UDP-N-acetylmuramoyl-pentapeptide biosynthesis I (meso-diaminopimelate containing)|g__Dialister.s__Dialister_invisus	0.3093228475
PWY-6387: UDP-N-acetylmuramoyl-pentapeptide biosynthesis I (meso-diaminopimelate containing)|g__Blautia.s__Blautia_sp	0.4632841786
PWY-6387: UDP-N-acetylmuramoyl-pentapeptide biosynthesis I (meso-diaminopimelate containing)|g__Bacteroides.s__Bacteroides_uniformis	0.3761832544
PWY-6387: UDP-N-acetylmuramoyl-pentapeptide biosynthesis I (meso-diaminopimelate containing)|g__Firmicutes_unclassified.s__Firmicutes_bacterium_CAG_124	0.1385438130
PWY-6387: UDP-N-acetylmuramoyl-pentapeptide biosynthesis I (meso-diaminopimelate containing)|g__Ruminococcus.s__Ruminococcus_bicirculans	0.3092272684
PWY-6387: UDP-N-acetylmuramoyl-pentapeptide biosynthesis I (meso-diaminopimelate containing)|g__Asaccharobacter.s__Asaccharobacter_celatus	0.3367664683
PWY66-429: fatty acid biosynthesis initiation (mitochondria)	0.9999998813
PWY66-429: fatty acid biosynthesis initiation (mitochondria)|g__Bacteroides.s__Bacteroides_vulgatus	0.9996320644
PWY66-429: fatty acid biosynthesis initiation (mitochondria)|unclassified	0.0000066281
PWY66-429: fatty acid biosynthesis initiation (mitochondria)|g__Bacteroides.s__Bacteroides_ovatus	0.8801280669
PWY66-429: fatty acid biosynthesis initiation (mitochondria)|g__Blautia.s__Ruminococcus_torques	0.7466967426
PWY66-429: fatty acid biosynthesis initiation (mitochondria)|g__Blautia.s__Blautia_wexlerae	0.0020987197
PWY66-429: fatty acid biosynthesis initiation (mitochondria)|g__Blautia.s__Blautia_obeum	0.0257935086
PWY66-429: fatty acid biosynthesis initiation (mitochondria)|g__Blautia.s__Blautia_sp	0.3317684984
PWY66-429: fatty acid biosynthesis initiation (mitochondria)|g__Eggerthella.s__Eggerthella_lenta	0.2304487904
PWY66-429: fatty acid biosynthesis initiation (mitochondria)|g__Bacteroides.s__Bacteroides_uniformis	0.0030940430
PWY-7199: pyrimidine deoxyribonucleosides salvage	0.9999999891
PWY-7199: pyrimidine deoxyribonucleosides salvage|unclassified	0.2105634576
PWY-7199: pyrimidine deoxyribonucleosides salvage|g__Bacteroides.s__Bacteroides_vulgatus	0.0373498428
PWY-7199: pyrimidine deoxyribonucleosides salvage|g__Firmicutes_unclassified.s__Firmicutes_bacterium_CAG_103	0.7920308903
PWY-7199: pyrimidine deoxyribonucleosides salvage|g__Bacteroides.s__Bacteroides_ovatus	0.2683100670
PWY-7199: pyrimidine deoxyribonucleosides salvage|g__Firmicutes_unclassified.s__Firmicutes_bacterium_CAG_83	0.3647435546
PWY-7199: pyrimidine deoxyribonucleosides salvage|g__Blautia.s__Blautia_sp	0.8536676828
PWY-7199: pyrimidine deoxyribonucleosides salvage|g__Bacteroides.s__Bacteroides_uniformis	0.7402413839
PWY-6385: peptidoglycan biosynthesis III (mycobacteria)	0.9885934045
PWY-6385: peptidoglycan biosynthesis III (mycobacteria)|unclassified	0.0034861680
PWY-6385: peptidoglycan biosynthesis III (mycobacteria)|g__Bacteroides.s__Bacteroides_vulgatus	0.0088751385
PWY-6385: peptidoglycan biosynthesis III (mycobacteria)|g__Bacteroides.s__Bacteroides_ovatus	0.4297362250
PWY-6385: peptidoglycan biosynthesis III (mycobacteria)|g__Blautia.s__Blautia_obeum	0.1248125037
PWY-6385: peptidoglycan biosynthesis III (mycobacteria)|g__Firmicutes_unclassified.s__Firmicutes_bacterium_CAG_83	0.0025853197
PWY-6385: peptidoglycan biosynthesis III (mycobacteria)|g__Blautia.s__Blautia_wexlerae	0.0086154019
PWY-6385: peptidoglycan biosynthesis III (mycobacteria)|g__Blautia.s__Ruminococcus_torques	0.2974131344
PWY-6385: peptidoglycan biosynthesis III (mycobacteria)|g__Dialister.s__Dialister_invisus	0.3307287588
PWY-6385: peptidoglycan biosynthesis III (mycobacteria)|g__Bacteroides.s__Bacteroides_uniformis	0.4109784729
PWY-6385: peptidoglycan biosynthesis III (mycobacteria)|g__Blautia.s__Blautia_sp	0.1919634129
PWY-6385: peptidoglycan biosynthesis III (mycobacteria)|g__Ruminococcus.s__Ruminococcus_bicirculans	0.3421108284
PWY-6386: UDP-N-acetylmuramoyl-pentapeptide biosynthesis II (lysine-containing)	0.9881238213
PWY-6386: UDP-N-acetylmuramoyl-pentapeptide biosynthesis II (lysine-containing)|g__Bacteroides.s__Bacteroides_vulgatus	0.0084853212
PWY-6386: UDP-N-acetylmuramoyl-pentapeptide biosynthesis II (lysine-containing)|unclassified	0.0000021780
PWY-6386: UDP-N-acetylmuramoyl-pentapeptide biosynthesis II (lysine-containing)|g__Bacteroides.s__Bacteroides_ovatus	0.0522211616
PWY-6386: UDP-N-acetylmuramoyl-pentapeptide biosynthesis II (lysine-containing)|g__Blautia.s__Blautia_wexlerae	0.1426465838
PWY-6386: UDP-N-acetylmuramoyl-pentapeptide biosynthesis II (lysine-containing)|g__Blautia.s__Blautia_obeum	0.1233584781
PWY-6386: UDP-N-acetylmuramoyl-pentapeptide biosynthesis II (lysine-containing)|g__Firmicutes_unclassified.s__Firmicutes_bacterium_CAG_83	0.0024807128
PWY-6386: UDP-N-acetylmuramoyl-pentapeptide biosynthesis II (lysine-containing)|g__Blautia.s__Ruminococcus_torques	0.2941566852
PWY-6386: UDP-N-acetylmuramoyl-pentapeptide biosynthesis II (lysine-containing)|g__Dialister.s__Dialister_invisus	0.1642943012
PWY-6386: UDP-N-acetylmuramoyl-pentapeptide biosynthesis II (lysine-containing)|g__Blautia.s__Blautia_sp	0.1916075106
PWY-6386: UDP-N-acetylmuramoyl-pentapeptide biosynthesis II (lysine-containing)|g__Bacteroides.s__Bacteroides_uniformis	0.0261098209
NONMEVIPP-PWY: methylerythritol phosphate pathway I	0.9994594650
NONMEVIPP-PWY: methylerythritol phosphate pathway I|g__Bacteroides.s__Bacteroides_vulgatus	0.2095578273
NONMEVIPP-PWY: methylerythritol phosphate pathway I|unclassified	0.0000000004
NONMEVIPP-PWY: methylerythritol phosphate pathway I|g__Bacteroides.s__Bacteroides_ovatus	0.2401552944
NONMEVIPP-PWY: methylerythritol phosphate pathway I|g__Blautia.s__Blautia_wexlerae	0.2284335828
NONMEVIPP-PWY: methylerythritol phosphate pathway I|g__Blautia.s__Blautia_obeum	0.2006706510
NONMEVIPP-PWY: methylerythritol phosphate pathway I|g__Firmicutes_unclassified.s__Firmicutes_bacterium_CAG_83	0.0843593649
NONMEVIPP-PWY: methylerythritol phosphate pathway I|g__Blautia.s__Ruminococcus_torques	0.3095534377
NONMEVIPP-PWY: methylerythritol phosphate pathway I|g__Asaccharobacter.s__Asaccharobacter_celatus	0.5458068675
PWY-6163: chorismate biosynthesis from 3-dehydroquinate	0.9999096304
PWY-6163: chorismate biosynthesis from 3-dehydroquinate|g__Bacteroides.s__Bacteroides_vulgatus	0.5575284420
PWY-6163: chorismate biosynthesis from 3-dehydroquinate|unclassified	0.0000000944
PWY-6163: chorismate biosynthesis from 3-dehydroquinate|g__Bacteroides.s__Bacteroides_ovatus	0.6591244621
PWY-6163: chorismate biosynthesis from 3-dehydroquinate|g__Firmicutes_unclassified.s__Firmicutes_bacterium_CAG_103	0.5626861329
PWY-6163: chorismate biosynthesis from 3-dehydroquinate|g__Blautia.s__Blautia_obeum	0.5585378274
PWY-6163: chorismate biosynthesis from 3-dehydroquinate|g__Firmicutes_unclassified.s__Firmicutes_bacterium_CAG_83	0.1889932754
PWY-6163: chorismate biosynthesis from 3-dehydroquinate|g__Blautia.s__Blautia_wexlerae	0.0062193721
PWY-6163: chorismate biosynthesis from 3-dehydroquinate|g__Blautia.s__Ruminococcus_torques	0.1448113042
PWY-6163: chorismate biosynthesis from 3-dehydroquinate|g__Bacteroides.s__Bacteroides_uniformis	0.4596211970
PWY-6163: chorismate biosynthesis from 3-dehydroquinate|g__Eggerthella.s__Eggerthella_lenta	0.5527508145
PWY-6163: chorismate biosynthesis from 3-dehydroquinate|g__Ruminococcus.s__Ruminococcus_bicirculans	0.2614459904
PWY-6163: chorismate biosynthesis from 3-dehydroquinate|g__Blautia.s__Blautia_sp	0.0041334249
PWY-6163: chorismate biosynthesis from 3-dehydroquinate|g__Asaccharobacter.s__Asaccharobacter_celatus	0.0204834583
PWY-6163: chorismate biosynthesis from 3-dehydroquinate|g__Adlercreutzia.s__Adlercreutzia_equolifaciens	0.1418779476
PWY-7238: sucrose biosynthesis II	0.9486222661
PWY-7238: sucrose biosynthesis II|unclassified	0.1624827601
PWY-7238: sucrose biosynthesis II|g__Blautia.s__Blautia_obeum	0.9998306209
PWY-7238: sucrose biosynthesis II|g__Blautia.s__Blautia_wexlerae	0.8951208961
PWY-7238: sucrose biosynthesis II|g__Blautia.s__Ruminococcus_torques	0.9256488301
PWY-7238: sucrose biosynthesis II|g__Firmicutes_unclassified.s__Firmicutes_bacterium_CAG_83	0.0779875551
PWY-7238: sucrose biosynthesis II|g__Blautia.s__Blautia_sp	0.8774473683
PWY-7238: sucrose biosynthesis II|g__Bacteroides.s__Bacteroides_uniformis	0.5255878314
PWY-7238: sucrose biosynthesis II|g__Gemmiger.s__Gemmiger_formicilis	0.7743798488
PWY-7238: sucrose biosynthesis II|g__Firmicutes_unclassified.s__Firmicutes_bacterium_CAG_124	0.5654085682
PWY-7238: sucrose biosynthesis II|g__Ruminococcus.s__Ruminococcus_bicirculans	0.6418839285
PWY-7238: sucrose biosynthesis II|g__Eubacterium.s__Eubacterium_eligens	0.6686648294
PWY-7238: sucrose biosynthesis II|g__Faecalibacterium.s__Faecalibacterium_prausnitzii	0.6061320461
PWY-7238: sucrose biosynthesis II|g__Eubacterium.s__Eubacterium_hallii	0.6551557463
PWY-7238: sucrose biosynthesis II|g__Lachnoclostridium.s__Clostridium_clostridioforme	0.1167994673
PWY-7238: sucrose biosynthesis II|g__Hungatella.s__Hungatella_hathewayi	0.2458267777
PWY-3841: folate transformations II (plants)	0.9999997447
PWY-3841: folate transformations II (plants)|unclassified	0.9998505472
PWY-3841: folate transformations II (plants)|g__Bacteroides.s__Bacteroides_vulgatus	0.0000912533
PWY-3841: folate transformations II (plants)|g__Bacteroides.s__Bacteroides_ovatus	0.0304578720
PWY-3841: folate transformations II (plants)|g__Dialister.s__Dialister_invisus	0.2793587905
PWY-3841: folate transformations II (plants)|g__Bacteroides.s__Bacteroides_uniformis	0.6718405679
PWY-3841: folate transformations II (plants)|g__Blautia.s__Blautia_wexlerae	0.0000000029
PWY-3841: folate transformations II (plants)|g__Blautia.s__Ruminococcus_torques	0.0005409693
PWY-7953: UDP-N-acetylmuramoyl-pentapeptide biosynthesis III (meso-diaminopimelate containing)	0.9837841392
PWY-7953: UDP-N-acetylmuramoyl-pentapeptide biosynthesis III (meso-diaminopimelate containing)|g__Bacteroides.s__Bacteroides_vulgatus	0.0062472713
PWY-7953: UDP-N-acetylmuramoyl-pentapeptide biosynthesis III (meso-diaminopimelate containing)|unclassified	0.0000015884
PWY-7953: UDP-N-acetylmuramoyl-pentapeptide biosynthesis III (meso-diaminopimelate containing)|g__Bacteroides.s__Bacteroides_ovatus	0.0398985533
PWY-7953: UDP-N-acetylmuramoyl-pentapeptide biosynthesis III (meso-diaminopimelate containing)|g__Firmicutes_unclassified.s__Firmicutes_bacterium_CAG_83	0.2952147444
PWY-7953: UDP-N-acetylmuramoyl-pentapeptide biosynthesis III (meso-diaminopimelate containing)|g__Blautia.s__Blautia_wexlerae	0.0680923818
PWY-7953: UDP-N-acetylmuramoyl-pentapeptide biosynthesis III (meso-diaminopimelate containing)|g__Blautia.s__Blautia_obeum	0.1100297767
PWY-7953: UDP-N-acetylmuramoyl-pentapeptide biosynthesis III (meso-diaminopimelate containing)|g__Blautia.s__Ruminococcus_torques	0.2624808609
PWY-7953: UDP-N-acetylmuramoyl-pentapeptide biosynthesis III (meso-diaminopimelate containing)|g__Dialister.s__Dialister_invisus	0.1315002223
PWY-7953: UDP-N-acetylmuramoyl-pentapeptide biosynthesis III (meso-diaminopimelate containing)|g__Blautia.s__Blautia_sp	0.1553097597
PWY-7953: UDP-N-acetylmuramoyl-pentapeptide biosynthesis III (meso-diaminopimelate containing)|g__Bacteroides.s__Bacteroides_uniformis	0.0193926214
PWY-7953: UDP-N-acetylmuramoyl-pentapeptide biosynthesis III (meso-diaminopimelate containing)|g__Ruminococcus.s__Ruminococcus_bicirculans	0.2872389461
PWY-7953: UDP-N-acetylmuramoyl-pentapeptide biosynthesis III (meso-diaminopimelate containing)|g__Firmicutes_unclassified.s__Firmicutes_bacterium_CAG_124	0.1244877381
1CMET2-PWY: folate transformations III (E. coli)	0.9999240633
1CMET2-PWY: folate transformations III (E. coli)|g__Bacteroides.s__Bacteroides_vulgatus	0.0000912640
1CMET2-PWY: folate transformations III (E. coli)|unclassified	0.0000000000
1CMET2-PWY: folate transformations III (E. coli)|g__Blautia.s__Ruminococcus_torques	0.0002174660
PWY-7229: superpathway of adenosine nucleotides de novo biosynthesis I	0.0000000001
PWY-7229: superpathway of adenosine nucleotides de novo biosynthesis I|g__Bacteroides.s__Bacteroides_vulgatus	0.2403264690
PWY-7229: superpathway of adenosine nucleotides de novo biosynthesis I|g__Bacteroides.s__Bacteroides_ovatus	0.0026368598
PWY-6700: queuosine biosynthesis I (de novo)	0.9987260198
PWY-6700: queuosine biosynthesis I (de novo)|g__Bacteroides.s__Bacteroides_vulgatus	0.5774678640
PWY-6700: queuosine biosynthesis I (de novo)|g__Bacteroides.s__Bacteroides_ovatus	0.0557193712
PWY-6700: queuosine biosynthesis I (de novo)|unclassified	0.0000000000
PWY-6700: queuosine biosynthesis I (de novo)|g__Firmicutes_unclassified.s__Firmicutes_bacterium_CAG_103	0.0065331113
PWY-6700: queuosine biosynthesis I (de novo)|g__Dialister.s__Dialister_invisus	0.4954262563
PWY-6700: queuosine biosynthesis I (de novo)|g__Blautia.s__Blautia_wexlerae	0.0007729695
PWY-6700: queuosine biosynthesis I (de novo)|g__Bacteroides.s__Bacteroides_uniformis	0.7957091261
PWY-6700: queuosine biosynthesis I (de novo)|g__Firmicutes_unclassified.s__Firmicutes_bacterium_CAG_83	0.0047384501
PWY-6700: queuosine biosynthesis I (de novo)|g__Blautia.s__Blautia_obeum	0.0002333320
PWY-6700: queuosine biosynthesis I (de novo)|g__Blautia.s__Ruminococcus_torques	0.0233106944
PWY-6700: queuosine biosynthesis I (de novo)|g__Asaccharobacter.s__Asaccharobacter_celatus	0.6450072082
PWY-6700: queuosine biosynthesis I (de novo)|g__Firmicutes_unclassified.s__Firmicutes_bacterium_CAG_124	0.1424164787
PWY-6700: queuosine biosynthesis I (de novo)|g__Blautia.s__Blautia_sp	0.0243274592
PWY-6700: queuosine biosynthesis I (de novo)|g__Firmicutes_unclassified.s__Firmicutes_bacterium_CAG_41	0.2762393217
PWY-6700: queuosine biosynthesis I (de novo)|g__Eubacterium.s__Eubacterium_eligens	0.1573638571
ANAGLYCOLYSIS-PWY: glycolysis III (from glucose)	0.0000000000
ANAGLYCOLYSIS-PWY: glycolysis III (from glucose)|unclassified	0.0000000000
ANAGLYCOLYSIS-PWY: glycolysis III (from glucose)|g__Blautia.s__Ruminococcus_torques	0.0767811800
ANAGLYCOLYSIS-PWY: glycolysis III (from glucose)|g__Blautia.s__Blautia_wexlerae	0.0000000000
PWY-6123: inosine-5'-phosphate biosynthesis I	0.9948345372
PWY-6123: inosine-5'-phosphate biosynthesis I|unclassified	0.8622731943
PWY-6123: inosine-5'-phosphate biosynthesis I|g__Bacteroides.s__Bacteroides_vulgatus	0.8752863965
PWY-6123: inosine-5'-phosphate biosynthesis I|g__Bacteroides.s__Bacteroides_ovatus	0.2563672765
PWY-6123: inosine-5'-phosphate biosynthesis I|g__Blautia.s__Blautia_wexlerae	0.9459948579
PWY-6123: inosine-5'-phosphate biosynthesis I|g__Dialister.s__Dialister_invisus	0.5639666508
PWY-6123: inosine-5'-phosphate biosynthesis I|g__Blautia.s__Ruminococcus_torques	0.1842698117
PWY-6123: inosine-5'-phosphate biosynthesis I|g__Bacteroides.s__Bacteroides_uniformis	0.2042921338
PWY-6123: inosine-5'-phosphate biosynthesis I|g__Blautia.s__Blautia_sp	0.1278130065
PWY-6123: inosine-5'-phosphate biosynthesis I|g__Eggerthella.s__Eggerthella_lenta	0.3609530129
PWY-5695: inosine 5'-phosphate degradation	0.9999850014
PWY-5695: inosine 5'-phosphate degradation|unclassified	0.8490216273
PWY-5695: inosine 5'-phosphate degradation|g__Bacteroides.s__Bacteroides_vulgatus	0.4691832254
PWY-5695: inosine 5'-phosphate degradation|g__Bacteroides.s__Bacteroides_ovatus	0.5494916987
PWY-5695: inosine 5'-phosphate degradation|g__Blautia.s__Blautia_wexlerae	0.0882215022
PWY-5695: inosine 5'-phosphate degradation|g__Dialister.s__Dialister_invisus	0.1894955350
PWY-5695: inosine 5'-phosphate degradation|g__Blautia.s__Ruminococcus_torques	0.0041598632
PWY-5695: inosine 5'-phosphate degradation|g__Bacteroides.s__Bacteroides_uniformis	0.2105593805
PWY-5695: inosine 5'-phosphate degradation|g__Lachnoclostridium.s__Clostridium_clostridioforme	0.1391638174
PWY-6124: inosine-5'-phosphate biosynthesis II	0.9938078418
PWY-6124: inosine-5'-phosphate biosynthesis II|unclassified	0.8391582765
PWY-6124: inosine-5'-phosphate biosynthesis II|g__Bacteroides.s__Bacteroides_vulgatus	0.8654535942
PWY-6124: inosine-5'-phosphate biosynthesis II|g__Bacteroides.s__Bacteroides_ovatus	0.5406008093
PWY-6124: inosine-5'-phosphate biosynthesis II|g__Blautia.s__Blautia_wexlerae	0.9695490627
PWY-6124: inosine-5'-phosphate biosynthesis II|g__Dialister.s__Dialister_invisus	0.5473801083
PWY-6124: inosine-5'-phosphate biosynthesis II|g__Blautia.s__Ruminococcus_torques	0.1586001490
PWY-6124: inosine-5'-phosphate biosynthesis II|g__Bacteroides.s__Bacteroides_uniformis	0.2063860217
PWY-6124: inosine-5'-phosphate biosynthesis II|g__Blautia.s__Blautia_sp	0.1761478881
PWY-6124: inosine-5'-phosphate biosynthesis II|g__Eggerthella.s__Eggerthella_lenta	0.3276609241
ARO-PWY: chorismate biosynthesis I	0.9970270507
ARO-PWY: chorismate biosynthesis I|g__Bacteroides.s__Bacteroides_vulgatus	0.2565833276
ARO-PWY: chorismate biosynthesis I|unclassified	0.0000001322
ARO-PWY: chorismate biosynthesis I|g__Bacteroides.s__Bacteroides_ovatus	0.0004119163
ARO-PWY: chorismate biosynthesis I|g__Blautia.s__Blautia_obeum	0.0307460747
ARO-PWY: chorismate biosynthesis I|g__Blautia.s__Ruminococcus_torques	0.1549786544
ARO-PWY: chorismate biosynthesis I|g__Blautia.s__Blautia_wexlerae	0.0005000683
ARO-PWY: chorismate biosynthesis I|g__Blautia.s__Blautia_sp	0.0056938448
PWY-6121: 5-aminoimidazole ribonucleotide biosynthesis I	0.9949342156
PWY-6121: 5-aminoimidazole ribonucleotide biosynthesis I|unclassified	0.9437826293
PWY-6121: 5-aminoimidazole ribonucleotide biosynthesis I|g__Bacteroides.s__Bacteroides_vulgatus	0.1941190290
PWY-6121: 5-aminoimidazole ribonucleotide biosynthesis I|g__Bacteroides.s__Bacteroides_ovatus	0.6176520622
PWY-6121: 5-aminoimidazole ribonucleotide biosynthesis I|g__Blautia.s__Blautia_wexlerae	0.3306443787
PWY-6121: 5-aminoimidazole ribonucleotide biosynthesis I|g__Dialister.s__Dialister_invisus	0.8354057311
PWY-6121: 5-aminoimidazole ribonucleotide biosynthesis I|g__Blautia.s__Blautia_obeum	0.0047339313
PWY-6121: 5-aminoimidazole ribonucleotide biosynthesis I|g__Blautia.s__Ruminococcus_torques	0.1687839042
PWY-6121: 5-aminoimidazole ribonucleotide biosynthesis I|g__Blautia.s__Blautia_sp	0.7124562500
PWY-6121: 5-aminoimidazole ribonucleotide biosynthesis I|g__Bacteroides.s__Bacteroides_uniformis	0.1565339091
PWY-6121: 5-aminoimidazole ribonucleotide biosynthesis I|g__Gemmiger.s__Gemmiger_formicilis	0.0662458783
PWY-6121: 5-aminoimidazole ribonucleotide biosynthesis I|g__Ruminococcus.s__Ruminococcus_bicirculans	0.2318911857
PWY-6121: 5-aminoimidazole ribonucleotide biosynthesis I|g__Eggerthella.s__Eggerthella_lenta	0.0402322224
COMPLETE-ARO-PWY: superpathway of aromatic amino acid biosynthesis	0.0024324210
COMPLETE-ARO-PWY: superpathway of aromatic amino acid biosynthesis|unclassified	0.0000000000
COMPLETE-ARO-PWY: superpathway of aromatic amino acid biosynthesis|g__Blautia.s__Blautia_obeum	0.0264019917
COMPLETE-ARO-PWY: superpathway of aromatic amino acid biosynthesis|g__Blautia.s__Ruminococcus_torques	0.0436739424
COMPLETE-ARO-PWY: superpathway of aromatic amino acid biosynthesis|g__Blautia.s__Blautia_wexlerae	0.0000000339
PWY0-1586: peptidoglycan maturation (meso-diaminopimelate containing)	0.2563556528
PWY0-1586: peptidoglycan maturation (meso-diaminopimelate containing)|g__Bacteroides.s__Bacteroides_vulgatus	0.0031457232
PWY0-1586: peptidoglycan maturation (meso-diaminopimelate containing)|unclassified	0.0000021472
PWY0-1586: peptidoglycan maturation (meso-diaminopimelate containing)|g__Bacteroides.s__Bacteroides_ovatus	0.4117988654
PWY0-1586: peptidoglycan maturation (meso-diaminopimelate containing)|g__Blautia.s__Ruminococcus_torques	0.3557284121
PWY0-1586: peptidoglycan maturation (meso-diaminopimelate containing)|g__Ruminococcus.s__Ruminococcus_bicirculans	0.9308005763
PWY-6122: 5-aminoimidazole ribonucleotide biosynthesis II	0.9936757798
PWY-6122: 5-aminoimidazole ribonucleotide biosynthesis II|unclassified	0.9307165423
PWY-6122: 5-aminoimidazole ribonucleotide biosynthesis II|g__Bacteroides.s__Bacteroides_vulgatus	0.1616541123
PWY-6122: 5-aminoimidazole ribonucleotide biosynthesis II|g__Bacteroides.s__Bacteroides_ovatus	0.6004647336
PWY-6122: 5-aminoimidazole ribonucleotide biosynthesis II|g__Blautia.s__Blautia_obeum	0.4693338108
PWY-6122: 5-aminoimidazole ribonucleotide biosynthesis II|g__Dialister.s__Dialister_invisus	0.8522143573
PWY-6122: 5-aminoimidazole ribonucleotide biosynthesis II|g__Blautia.s__Blautia_wexlerae	0.2842964289
PWY-6122: 5-aminoimidazole ribonucleotide biosynthesis II|g__Blautia.s__Ruminococcus_torques	0.3655753713
PWY-6122: 5-aminoimidazole ribonucleotide biosynthesis II|g__Blautia.s__Blautia_sp	0.6673101313
PWY-6122: 5-aminoimidazole ribonucleotide biosynthesis II|g__Bacteroides.s__Bacteroides_uniformis	0.3192597433
PWY-6122: 5-aminoimidazole ribonucleotide biosynthesis II|g__Ruminococcus.s__Ruminococcus_bicirculans	0.6099268997
PWY-6122: 5-aminoimidazole ribonucleotide biosynthesis II|g__Eggerthella.s__Eggerthella_lenta	0.6185341397
PWY-6122: 5-aminoimidazole ribonucleotide biosynthesis II|g__Gemmiger.s__Gemmiger_formicilis	0.1108350185
PWY-6122: 5-aminoimidazole ribonucleotide biosynthesis II|g__Asaccharobacter.s__Asaccharobacter_celatus	0.4060186831
PWY-6122: 5-aminoimidazole ribonucleotide biosynthesis II|g__Adlercreutzia.s__Adlercreutzia_equolifaciens	0.4162154468
PWY-6122: 5-aminoimidazole ribonucleotide biosynthesis II|g__Firmicutes_unclassified.s__Firmicutes_bacterium_CAG_41	0.1816518804
PWY-6277: superpathway of 5-aminoimidazole ribonucleotide biosynthesis	0.9936757798
PWY-6277: superpathway of 5-aminoimidazole ribonucleotide biosynthesis|unclassified	0.9307165423
PWY-6277: superpathway of 5-aminoimidazole ribonucleotide biosynthesis|g__Bacteroides.s__Bacteroides_vulgatus	0.1616541123
PWY-6277: superpathway of 5-aminoimidazole ribonucleotide biosynthesis|g__Bacteroides.s__Bacteroides_ovatus	0.6004647336
PWY-6277: superpathway of 5-aminoimidazole ribonucleotide biosynthesis|g__Blautia.s__Blautia_obeum	0.4693338108
PWY-6277: superpathway of 5-aminoimidazole ribonucleotide biosynthesis|g__Dialister.s__Dialister_invisus	0.8522143573
PWY-6277: superpathway of 5-aminoimidazole ribonucleotide biosynthesis|g__Blautia.s__Blautia_wexlerae	0.2842964289
PWY-6277: superpathway of 5-aminoimidazole ribonucleotide biosynthesis|g__Blautia.s__Ruminococcus_torques	0.3655753713
PWY-6277: superpathway of 5-aminoimidazole ribonucleotide biosynthesis|g__Blautia.s__Blautia_sp	0.6673101313
PWY-6277: superpathway of 5-aminoimidazole ribonucleotide biosynthesis|g__Bacteroides.s__Bacteroides_uniformis	0.3192597433
PWY-6277: superpathway of 5-aminoimidazole ribonucleotide biosynthesis|g__Ruminococcus.s__Ruminococcus_bicirculans	0.6099268997
PWY-6277: superpathway of 5-aminoimidazole ribonucleotide biosynthesis|g__Eggerthella.s__Eggerthella_lenta	0.6185341397
PWY-6277: superpathway of 5-aminoimidazole ribonucleotide biosynthesis|g__Gemmiger.s__Gemmiger_formicilis	0.1108350185
PWY-6277: superpathway of 5-aminoimidazole ribonucleotide biosynthesis|g__Asaccharobacter.s__Asaccharobacter_celatus	0.4060186831
PWY-6277: superpathway of 5-aminoimidazole ribonucleotide biosynthesis|g__Adlercreutzia.s__Adlercreutzia_equolifaciens	0.4162154468
PWY-6277: superpathway of 5-aminoimidazole ribonucleotide biosynthesis|g__Firmicutes_unclassified.s__Firmicutes_bacterium_CAG_41	0.1816518804
COA-PWY: coenzyme A biosynthesis I (prokaryotic)	0.9937272240
COA-PWY: coenzyme A biosynthesis I (prokaryotic)|unclassified	0.9999962789
COA-PWY: coenzyme A biosynthesis I (prokaryotic)|g__Bacteroides.s__Bacteroides_vulgatus	0.0293970088
COA-PWY: coenzyme A biosynthesis I (prokaryotic)|g__Bacteroides.s__Bacteroides_ovatus	0.6004609536
COA-PWY: coenzyme A biosynthesis I (prokaryotic)|g__Blautia.s__Blautia_obeum	0.0451533510
COA-PWY: coenzyme A biosynthesis I (prokaryotic)|g__Dialister.s__Dialister_invisus	0.4977641091
COA-PWY: coenzyme A biosynthesis I (prokaryotic)|g__Blautia.s__Blautia_wexlerae	0.0009228547
COA-PWY: coenzyme A biosynthesis I (prokaryotic)|g__Blautia.s__Blautia_sp	0.3131758304
COA-PWY: coenzyme A biosynthesis I (prokaryotic)|g__Bacteroides.s__Bacteroides_uniformis	0.0057840925
COA-PWY: coenzyme A biosynthesis I (prokaryotic)|g__Blautia.s__Ruminococcus_torques	0.0001791375
COA-PWY: coenzyme A biosynthesis I (prokaryotic)|g__Ruminococcus.s__Ruminococcus_bicirculans	0.1611123176
COA-PWY: coenzyme A biosynthesis I (prokaryotic)|g__Lachnoclostridium.s__Clostridium_clostridioforme	0.0314521772
COA-PWY: coenzyme A biosynthesis I (prokaryotic)|g__Hungatella.s__Hungatella_hathewayi	0.4807673270
COA-PWY-1: superpathway of coenzyme A biosynthesis III (mammals)	0.9310140645
COA-PWY-1: superpathway of coenzyme A biosynthesis III (mammals)|g__Bacteroides.s__Bacteroides_vulgatus	0.0318432178
COA-PWY-1: superpathway of coenzyme A biosynthesis III (mammals)|unclassified	0.0000000000
COA-PWY-1: superpathway of coenzyme A biosynthesis III (mammals)|g__Bacteroides.s__Bacteroides_ovatus	0.6471777821
COA-PWY-1: superpathway of coenzyme A biosynthesis III (mammals)|g__Dialister.s__Dialister_invisus	0.0037261122
COA-PWY-1: superpathway of coenzyme A biosynthesis III (mammals)|g__Blautia.s__Blautia_wexlerae	0.0000020854
COA-PWY-1: superpathway of coenzyme A biosynthesis III (mammals)|g__Blautia.s__Blautia_obeum	0.0000002096
COA-PWY-1: superpathway of coenzyme A biosynthesis III (mammals)|g__Ruminococcus.s__Ruminococcus_bicirculans	0.1934065929
PWY-5973: cis-vaccenate biosynthesis	0.7411394150
PWY-5973: cis-vaccenate biosynthesis|unclassified	0.1134152601
PWY-5973: cis-vaccenate biosynthesis|g__Bacteroides.s__Bacteroides_ovatus	0.2644118973
PWY-5973: cis-vaccenate biosynthesis|g__Bacteroides.s__Bacteroides_uniformis	0.0058226844
PWY-5667: CDP-diacylglycerol biosynthesis I	0.9938031977
PWY-5667: CDP-diacylglycerol biosynthesis I|g__Bacteroides.s__Bacteroides_vulgatus	0.3835903809
PWY-5667: CDP-diacylglycerol biosynthesis I|unclassified	0.0042621335
PWY-5667: CDP-diacylglycerol biosynthesis I|g__Bacteroides.s__Bacteroides_ovatus	0.2167032488
PWY-5667: CDP-diacylglycerol biosynthesis I|g__Dialister.s__Dialister_invisus	0.4219456485
PWY-5667: CDP-diacylglycerol biosynthesis I|g__Blautia.s__Blautia_obeum	0.0035219933
PWY-5667: CDP-diacylglycerol biosynthesis I|g__Blautia.s__Blautia_sp	0.6115013974
PWY-5667: CDP-diacylglycerol biosynthesis I|g__Blautia.s__Blautia_wexlerae	0.0000432296
PWY-5667: CDP-diacylglycerol biosynthesis I|g__Bacteroides.s__Bacteroides_uniformis	0.0843995074
PWY0-1319: CDP-diacylglycerol biosynthesis II	0.9938031977
PWY0-1319: CDP-diacylglycerol biosynthesis II|g__Bacteroides.s__Bacteroides_vulgatus	0.3835903809
PWY0-1319: CDP-diacylglycerol biosynthesis II|unclassified	0.0042621335
PWY0-1319: CDP-diacylglycerol biosynthesis II|g__Bacteroides.s__Bacteroides_ovatus	0.2167032488
PWY0-1319: CDP-diacylglycerol biosynthesis II|g__Dialister.s__Dialister_invisus	0.4219456485
PWY0-1319: CDP-diacylglycerol biosynthesis II|g__Blautia.s__Blautia_obeum	0.0035219933
PWY0-1319: CDP-diacylglycerol biosynthesis II|g__Blautia.s__Blautia_sp	0.6115013974
PWY0-1319: CDP-diacylglycerol biosynthesis II|g__Blautia.s__Blautia_wexlerae	0.0000432296
PWY0-1319: CDP-diacylglycerol biosynthesis II|g__Bacteroides.s__Bacteroides_uniformis	0.0843995074
CALVIN-PWY: Calvin-Benson-Bassham cycle	0.0000000000
CALVIN-PWY: Calvin-Benson-Bassham cycle|unclassified	0.0000000000
CALVIN-PWY: Calvin-Benson-Bassham cycle|g__Blautia.s__Blautia_wexlerae	0.3341291017
CALVIN-PWY: Calvin-Benson-Bassham cycle|g__Blautia.s__Ruminococcus_torques	0.0255876185
CALVIN-PWY: Calvin-Benson-Bassham cycle|g__Blautia.s__Blautia_sp	0.0258346094
CALVIN-PWY: Calvin-Benson-Bassham cycle|g__Lachnoclostridium.s__Clostridium_clostridioforme	0.0691445587
PWY-5097: L-lysine biosynthesis VI	0.2610050468
PWY-5097: L-lysine biosynthesis VI|unclassified	0.0511539423
PWY-5097: L-lysine biosynthesis VI|g__Bacteroides.s__Bacteroides_vulgatus	0.0028082462
PWY-5097: L-lysine biosynthesis VI|g__Bacteroides.s__Bacteroides_ovatus	0.2951797315
PWY-5097: L-lysine biosynthesis VI|g__Blautia.s__Blautia_wexlerae	0.1070595462
PWY-5097: L-lysine biosynthesis VI|g__Blautia.s__Blautia_obeum	0.0231832277
PWY-5097: L-lysine biosynthesis VI|g__Dialister.s__Dialister_invisus	0.3349282961
PWY-5097: L-lysine biosynthesis VI|g__Bacteroides.s__Bacteroides_uniformis	0.1662255402
PWY-5097: L-lysine biosynthesis VI|g__Lachnoclostridium.s__Clostridium_clostridioforme	0.1187498406
PWY-5097: L-lysine biosynthesis VI|g__Asaccharobacter.s__Asaccharobacter_celatus	0.0059778552
PANTOSYN-PWY: superpathway of coenzyme A biosynthesis I (bacteria)	0.9274050321
PANTOSYN-PWY: superpathway of coenzyme A biosynthesis I (bacteria)|g__Bacteroides.s__Bacteroides_vulgatus	0.0555341169
PANTOSYN-PWY: superpathway of coenzyme A biosynthesis I (bacteria)|unclassified	0.0000000000
PANTOSYN-PWY: superpathway of coenzyme A biosynthesis I (bacteria)|g__Bacteroides.s__Bacteroides_ovatus	0.6626650432
PANTOSYN-PWY: superpathway of coenzyme A biosynthesis I (bacteria)|g__Blautia.s__Blautia_wexlerae	0.0000037535
PANTOSYN-PWY: superpathway of coenzyme A biosynthesis I (bacteria)|g__Blautia.s__Ruminococcus_torques	0.0000000007
PWY-7851: coenzyme A biosynthesis II (eukaryotic)	0.9152295725
PWY-7851: coenzyme A biosynthesis II (eukaryotic)|g__Bacteroides.s__Bacteroides_vulgatus	0.0293970088
PWY-7851: coenzyme A biosynthesis II (eukaryotic)|unclassified	0.0000000000
PWY-7851: coenzyme A biosynthesis II (eukaryotic)|g__Bacteroides.s__Bacteroides_ovatus	0.6004609536
PWY-7851: coenzyme A biosynthesis II (eukaryotic)|g__Dialister.s__Dialister_invisus	0.0029862304
PWY-7851: coenzyme A biosynthesis II (eukaryotic)|g__Blautia.s__Blautia_wexlerae	0.0000016683
PWY-7851: coenzyme A biosynthesis II (eukaryotic)|g__Blautia.s__Blautia_obeum	0.0000001676
PWY-7851: coenzyme A biosynthesis II (eukaryotic)|g__Ruminococcus.s__Ruminococcus_bicirculans	0.1611123176
ARGSYN-PWY: L-arginine biosynthesis I (via L-ornithine)	0.0000023799
ARGSYN-PWY: L-arginine biosynthesis I (via L-ornithine)|unclassified	0.0000000000
ARGSYN-PWY: L-arginine biosynthesis I (via L-ornithine)|g__Blautia.s__Blautia_wexlerae	0.3588425561
ARGSYN-PWY: L-arginine biosynthesis I (via L-ornithine)|g__Blautia.s__Ruminococcus_torques	0.2649485932
ARGSYN-PWY: L-arginine biosynthesis I (via L-ornithine)|g__Ruminococcus.s__Ruminococcus_bicirculans	0.6265396441
SER-GLYSYN-PWY: superpathway of L-serine and glycine biosynthesis I	0.6440886756
SER-GLYSYN-PWY: superpathway of L-serine and glycine biosynthesis I|unclassified	0.9999772316
SER-GLYSYN-PWY: superpathway of L-serine and glycine biosynthesis I|g__Bacteroides.s__Bacteroides_vulgatus	0.0000456382
SER-GLYSYN-PWY: superpathway of L-serine and glycine biosynthesis I|g__Blautia.s__Blautia_wexlerae	0.7746596731
SER-GLYSYN-PWY: superpathway of L-serine and glycine biosynthesis I|g__Bacteroides.s__Bacteroides_ovatus	0.0152574913
SER-GLYSYN-PWY: superpathway of L-serine and glycine biosynthesis I|g__Dialister.s__Dialister_invisus	0.5508110343
SER-GLYSYN-PWY: superpathway of L-serine and glycine biosynthesis I|g__Bacteroides.s__Bacteroides_uniformis	0.5582286113
SER-GLYSYN-PWY: superpathway of L-serine and glycine biosynthesis I|g__Blautia.s__Ruminococcus_torques	0.0128469356
SER-GLYSYN-PWY: superpathway of L-serine and glycine biosynthesis I|g__Blautia.s__Blautia_obeum	0.0000015360
SER-GLYSYN-PWY: superpathway of L-serine and glycine biosynthesis I|g__Blautia.s__Blautia_sp	0.0061497742
SER-GLYSYN-PWY: superpathway of L-serine and glycine biosynthesis I|g__Eubacterium.s__Eubacterium_eligens	0.3697368746
SER-GLYSYN-PWY: superpathway of L-serine and glycine biosynthesis I|g__Adlercreutzia.s__Adlercreutzia_equolifaciens	0.5782929510
SER-GLYSYN-PWY: superpathway of L-serine and glycine biosynthesis I|g__Eggerthella.s__Eggerthella_lenta	0.1303034981
SER-GLYSYN-PWY: superpathway of L-serine and glycine biosynthesis I|g__Asaccharobacter.s__Asaccharobacter_celatus	0.0313375024
PWY-7977: L-methionine biosynthesis IV	0.1820893383
PWY-7977: L-methionine biosynthesis IV|unclassified	0.0531503342
PWY-7977: L-methionine biosynthesis IV|g__Bacteroides.s__Bacteroides_vulgatus	0.0016306659
PWY-7977: L-methionine biosynthesis IV|g__Bacteroides.s__Bacteroides_ovatus	0.1021208154
PWY-7977: L-methionine biosynthesis IV|g__Bacteroides.s__Bacteroides_uniformis	0.0979024879
PANTO-PWY: phosphopantothenate biosynthesis I	0.8876760401
PANTO-PWY: phosphopantothenate biosynthesis I|g__Bacteroides.s__Bacteroides_vulgatus	0.7654776889
PANTO-PWY: phosphopantothenate biosynthesis I|unclassified	0.0132330968
PANTO-PWY: phosphopantothenate biosynthesis I|g__Bacteroides.s__Bacteroides_ovatus	0.8996183790
PANTO-PWY: phosphopantothenate biosynthesis I|g__Blautia.s__Blautia_wexlerae	0.0196700758
PANTO-PWY: phosphopantothenate biosynthesis I|g__Bacteroides.s__Bacteroides_uniformis	0.3182437988
PANTO-PWY: phosphopantothenate biosynthesis I|g__Blautia.s__Ruminococcus_torques	0.0014203564
PANTO-PWY: phosphopantothenate biosynthesis I|g__Eggerthella.s__Eggerthella_lenta	0.1085537469
PANTO-PWY: phosphopantothenate biosynthesis I|g__Asaccharobacter.s__Asaccharobacter_celatus	0.0261579846
PWY-2942: L-lysine biosynthesis III	0.3393227103
PWY-2942: L-lysine biosynthesis III|unclassified	0.0000000000
PWY-2942: L-lysine biosynthesis III|g__Dialister.s__Dialister_invisus	0.1045203507
PWY-2942: L-lysine biosynthesis III|g__Bacteroides.s__Bacteroides_uniformis	0.1446052058
PWY-2942: L-lysine biosynthesis III|g__Asaccharobacter.s__Asaccharobacter_celatus	0.0929817183
PWY-7663: gondoate biosynthesis (anaerobic)	0.6960917364
PWY-7663: gondoate biosynthesis (anaerobic)|unclassified	0.0928380586
PWY-7663: gondoate biosynthesis (anaerobic)|g__Bacteroides.s__Bacteroides_ovatus	0.2241514015
PWY-7663: gondoate biosynthesis (anaerobic)|g__Bacteroides.s__Bacteroides_vulgatus	0.0000000000
PWY-7663: gondoate biosynthesis (anaerobic)|g__Bacteroides.s__Bacteroides_uniformis	0.6059384229
VALSYN-PWY: L-valine biosynthesis	0.6858239368
VALSYN-PWY: L-valine biosynthesis|unclassified	0.0003190249
VALSYN-PWY: L-valine biosynthesis|g__Bacteroides.s__Bacteroides_vulgatus	0.0006193361
VALSYN-PWY: L-valine biosynthesis|g__Bacteroides.s__Bacteroides_ovatus	0.5534187285
VALSYN-PWY: L-valine biosynthesis|g__Blautia.s__Blautia_wexlerae	0.1394976269
VALSYN-PWY: L-valine biosynthesis|g__Blautia.s__Blautia_obeum	0.0376279542
VALSYN-PWY: L-valine biosynthesis|g__Blautia.s__Ruminococcus_torques	0.3895753064
VALSYN-PWY: L-valine biosynthesis|g__Blautia.s__Blautia_sp	0.5327841797
VALSYN-PWY: L-valine biosynthesis|g__Gemmiger.s__Gemmiger_formicilis	0.7245551757
VALSYN-PWY: L-valine biosynthesis|g__Ruminococcus.s__Ruminococcus_bicirculans	0.8836052988
VALSYN-PWY: L-valine biosynthesis|g__Bacteroides.s__Bacteroides_uniformis	0.1518939045
VALSYN-PWY: L-valine biosynthesis|g__Asaccharobacter.s__Asaccharobacter_celatus	0.3276628992
VALSYN-PWY: L-valine biosynthesis|g__Eggerthella.s__Eggerthella_lenta	0.3107484774
VALSYN-PWY: L-valine biosynthesis|g__Adlercreutzia.s__Adlercreutzia_equolifaciens	0.4782258972
VALSYN-PWY: L-valine biosynthesis|g__Eubacterium.s__Eubacterium_hallii	0.5249156195
PWY-6126: superpathway of adenosine nucleotides de novo biosynthesis II	0.0000000000
PWY-6126: superpathway of adenosine nucleotides de novo biosynthesis II|g__Bacteroides.s__Bacteroides_vulgatus	0.2689781552
PWY-6126: superpathway of adenosine nucleotides de novo biosynthesis II|g__Bacteroides.s__Bacteroides_ovatus	0.0030723679
BRANCHED-CHAIN-AA-SYN-PWY: superpathway of branched chain amino acid biosynthesis	0.0373979744
BRANCHED-CHAIN-AA-SYN-PWY: superpathway of branched chain amino acid biosynthesis|unclassified	0.0000016867
BRANCHED-CHAIN-AA-SYN-PWY: superpathway of branched chain amino acid biosynthesis|g__Bacteroides.s__Bacteroides_ovatus	0.0616401208
BRANCHED-CHAIN-AA-SYN-PWY: superpathway of branched chain amino acid biosynthesis|g__Blautia.s__Blautia_wexlerae	0.0015378782
BRANCHED-CHAIN-AA-SYN-PWY: superpathway of branched chain amino acid biosynthesis|g__Blautia.s__Ruminococcus_torques	0.0027990614
BRANCHED-CHAIN-AA-SYN-PWY: superpathway of branched chain amino acid biosynthesis|g__Blautia.s__Blautia_obeum	0.0000001061
BRANCHED-CHAIN-AA-SYN-PWY: superpathway of branched chain amino acid biosynthesis|g__Blautia.s__Blautia_sp	0.2405979235
BRANCHED-CHAIN-AA-SYN-PWY: superpathway of branched chain amino acid biosynthesis|g__Gemmiger.s__Gemmiger_formicilis	0.2878567937
BRANCHED-CHAIN-AA-SYN-PWY: superpathway of branched chain amino acid biosynthesis|g__Bacteroides.s__Bacteroides_uniformis	0.0406242990
BRANCHED-CHAIN-AA-SYN-PWY: superpathway of branched chain amino acid biosynthesis|g__Ruminococcus.s__Ruminococcus_bicirculans	0.6331200852
BRANCHED-CHAIN-AA-SYN-PWY: superpathway of branched chain amino acid biosynthesis|g__Asaccharobacter.s__Asaccharobacter_celatus	0.3027837619
BRANCHED-CHAIN-AA-SYN-PWY: superpathway of branched chain amino acid biosynthesis|g__Adlercreutzia.s__Adlercreutzia_equolifaciens	0.0177268320
PWY-841: superpathway of purine nucleotides de novo biosynthesis I	0.0000000000
ARGSYNBSUB-PWY: L-arginine biosynthesis II (acetyl cycle)	0.0000008831
ARGSYNBSUB-PWY: L-arginine biosynthesis II (acetyl cycle)|unclassified	0.0000000000
ARGSYNBSUB-PWY: L-arginine biosynthesis II (acetyl cycle)|g__Blautia.s__Blautia_wexlerae	0.1764395396
ARGSYNBSUB-PWY: L-arginine biosynthesis II (acetyl cycle)|g__Blautia.s__Ruminococcus_torques	0.3345746350
ARGSYNBSUB-PWY: L-arginine biosynthesis II (acetyl cycle)|g__Blautia.s__Blautia_sp	0.6538315655
ARGSYNBSUB-PWY: L-arginine biosynthesis II (acetyl cycle)|g__Ruminococcus.s__Ruminococcus_bicirculans	0.6970873329
ARGSYNBSUB-PWY: L-arginine biosynthesis II (acetyl cycle)|g__Eggerthella.s__Eggerthella_lenta	0.1696366259
ARGSYNBSUB-PWY: L-arginine biosynthesis II (acetyl cycle)|g__Blautia.s__Blautia_obeum	0.0000000000
PWY-724: superpathway of L-lysine, L-threonine and L-methionine biosynthesis II	0.0211188953
PWY-724: superpathway of L-lysine, L-threonine and L-methionine biosynthesis II|unclassified	0.0000000001
PWY-724: superpathway of L-lysine, L-threonine and L-methionine biosynthesis II|g__Blautia.s__Blautia_obeum	0.0000021577
PWY-724: superpathway of L-lysine, L-threonine and L-methionine biosynthesis II|g__Dialister.s__Dialister_invisus	0.0536512791
PWY-724: superpathway of L-lysine, L-threonine and L-methionine biosynthesis II|g__Bacteroides.s__Bacteroides_uniformis	0.0209388963
THRESYN-PWY: superpathway of L-threonine biosynthesis	0.0182069747
THRESYN-PWY: superpathway of L-threonine biosynthesis|unclassified	0.0000000677
THRESYN-PWY: superpathway of L-threonine biosynthesis|g__Bacteroides.s__Bacteroides_vulgatus	0.0000000000
THRESYN-PWY: superpathway of L-threonine biosynthesis|g__Blautia.s__Blautia_obeum	0.0000012947
THRESYN-PWY: superpathway of L-threonine biosynthesis|g__Blautia.s__Ruminococcus_torques	0.0053377710
THRESYN-PWY: superpathway of L-threonine biosynthesis|g__Dialister.s__Dialister_invisus	0.0181045530
THRESYN-PWY: superpathway of L-threonine biosynthesis|g__Bacteroides.s__Bacteroides_uniformis	0.0009187723
ILEUSYN-PWY: L-isoleucine biosynthesis I (from threonine)	0.0372872848
ILEUSYN-PWY: L-isoleucine biosynthesis I (from threonine)|unclassified	0.0000011252
ILEUSYN-PWY: L-isoleucine biosynthesis I (from threonine)|g__Bacteroides.s__Bacteroides_ovatus	0.0429280867
ILEUSYN-PWY: L-isoleucine biosynthesis I (from threonine)|g__Blautia.s__Blautia_wexlerae	0.0015355299
ILEUSYN-PWY: L-isoleucine biosynthesis I (from threonine)|g__Blautia.s__Ruminococcus_torques	0.0018763937
ILEUSYN-PWY: L-isoleucine biosynthesis I (from threonine)|g__Blautia.s__Blautia_obeum	0.0000000708
ILEUSYN-PWY: L-isoleucine biosynthesis I (from threonine)|g__Blautia.s__Blautia_sp	0.4350160002
ILEUSYN-PWY: L-isoleucine biosynthesis I (from threonine)|g__Gemmiger.s__Gemmiger_formicilis	0.6695897325
ILEUSYN-PWY: L-isoleucine biosynthesis I (from threonine)|g__Ruminococcus.s__Ruminococcus_bicirculans	0.7984785742
ILEUSYN-PWY: L-isoleucine biosynthesis I (from threonine)|g__Bacteroides.s__Bacteroides_uniformis	0.0406273131
ILEUSYN-PWY: L-isoleucine biosynthesis I (from threonine)|g__Asaccharobacter.s__Asaccharobacter_celatus	0.2862817705
ILEUSYN-PWY: L-isoleucine biosynthesis I (from threonine)|g__Eubacterium.s__Eubacterium_hallii	0.4294831804
ILEUSYN-PWY: L-isoleucine biosynthesis I (from threonine)|g__Adlercreutzia.s__Adlercreutzia_equolifaciens	0.1447743898
ASPASN-PWY: superpathway of L-aspartate and L-asparagine biosynthesis	0.7364268709
ASPASN-PWY: superpathway of L-aspartate and L-asparagine biosynthesis|g__Bacteroides.s__Bacteroides_vulgatus	0.7474807425
ASPASN-PWY: superpathway of L-aspartate and L-asparagine biosynthesis|unclassified	0.0001887980
ASPASN-PWY: superpathway of L-aspartate and L-asparagine biosynthesis|g__Blautia.s__Ruminococcus_torques	0.0458031441
ASPASN-PWY: superpathway of L-aspartate and L-asparagine biosynthesis|g__Blautia.s__Blautia_wexlerae	0.0000001372
ASPASN-PWY: superpathway of L-aspartate and L-asparagine biosynthesis|g__Bacteroides.s__Bacteroides_uniformis	0.0006331291
ASPASN-PWY: superpathway of L-aspartate and L-asparagine biosynthesis|g__Erysipelatoclostridium.s__Clostridium_innocuum	0.4161925586
ASPASN-PWY: superpathway of L-aspartate and L-asparagine biosynthesis|g__Blautia.s__Blautia_obeum	0.0000000000
PYRIDNUCSYN-PWY: NAD de novo biosynthesis I (from aspartate)	0.0022202168
PYRIDNUCSYN-PWY: NAD de novo biosynthesis I (from aspartate)|g__Bacteroides.s__Bacteroides_vulgatus	0.8613053068
PYRIDNUCSYN-PWY: NAD de novo biosynthesis I (from aspartate)|unclassified	0.0125938951
PYRIDNUCSYN-PWY: NAD de novo biosynthesis I (from aspartate)|g__Bacteroides.s__Bacteroides_ovatus	0.2255479966
PYRIDNUCSYN-PWY: NAD de novo biosynthesis I (from aspartate)|g__Blautia.s__Ruminococcus_torques	0.0768556221
PYRIDNUCSYN-PWY: NAD de novo biosynthesis I (from aspartate)|g__Bacteroides.s__Bacteroides_uniformis	0.0007175119
PWY-7228: superpathway of guanosine nucleotides de novo biosynthesis I	0.0000000000
PWY-7228: superpathway of guanosine nucleotides de novo biosynthesis I|g__Bacteroides.s__Bacteroides_vulgatus	0.9375928815
PWY-7228: superpathway of guanosine nucleotides de novo biosynthesis I|g__Bacteroides.s__Bacteroides_ovatus	0.6844833616
PWY-7228: superpathway of guanosine nucleotides de novo biosynthesis I|g__Dialister.s__Dialister_invisus	0.3689252610
PWY-5941: glycogen degradation II	0.0000000000
PWY-5941: glycogen degradation II|g__Blautia.s__Blautia_obeum	0.9323704407
PWY-5941: glycogen degradation II|g__Blautia.s__Blautia_wexlerae	0.0942251313
PWY-5941: glycogen degradation II|unclassified	0.0000000000
PWY-5941: glycogen degradation II|g__Blautia.s__Blautia_sp	0.9008745917
PWY-5941: glycogen degradation II|g__Blautia.s__Ruminococcus_torques	0.0000000353
PWY-5941: glycogen degradation II|g__Faecalibacterium.s__Faecalibacterium_prausnitzii	0.3928596247
PWY-5103: L-isoleucine biosynthesis III	0.0237451228
PWY-5103: L-isoleucine biosynthesis III|unclassified	0.0000007039
PWY-5103: L-isoleucine biosynthesis III|g__Bacteroides.s__Bacteroides_ovatus	0.0275320495
PWY-5103: L-isoleucine biosynthesis III|g__Blautia.s__Blautia_wexlerae	0.0009625674
PWY-5103: L-isoleucine biosynthesis III|g__Blautia.s__Blautia_sp	0.3784923244
PWY-5103: L-isoleucine biosynthesis III|g__Blautia.s__Ruminococcus_torques	0.0011745557
PWY-5103: L-isoleucine biosynthesis III|g__Gemmiger.s__Gemmiger_formicilis	0.6215080613
PWY-5103: L-isoleucine biosynthesis III|g__Blautia.s__Blautia_obeum	0.0000000442
PWY-5103: L-isoleucine biosynthesis III|g__Ruminococcus.s__Ruminococcus_bicirculans	0.7477847700
PWY-5103: L-isoleucine biosynthesis III|g__Bacteroides.s__Bacteroides_uniformis	0.0274247722
PWY-5103: L-isoleucine biosynthesis III|g__Asaccharobacter.s__Asaccharobacter_celatus	0.2536176377
PWY-5103: L-isoleucine biosynthesis III|g__Eubacterium.s__Eubacterium_hallii	0.3824464054
PWY-5103: L-isoleucine biosynthesis III|g__Adlercreutzia.s__Adlercreutzia_equolifaciens	0.1011687522
PWY-5154: L-arginine biosynthesis III (via N-acetyl-L-citrulline)	0.0000008829
PWY-5154: L-arginine biosynthesis III (via N-acetyl-L-citrulline)|unclassified	0.0000000000
PWY-6270: isoprene biosynthesis I	0.0000000000
PWY-6270: isoprene biosynthesis I|g__Bacteroides.s__Bacteroides_ovatus	0.1801243551
PWY-6270: isoprene biosynthesis I|g__Blautia.s__Blautia_wexlerae	0.1972877716
RIBOSYN2-PWY: flavin biosynthesis I (bacteria and plants)	0.0000000002
RIBOSYN2-PWY: flavin biosynthesis I (bacteria and plants)|g__Bacteroides.s__Bacteroides_vulgatus	0.0087726783
RIBOSYN2-PWY: flavin biosynthesis I (bacteria and plants)|g__Blautia.s__Blautia_wexlerae	0.0025420948
RIBOSYN2-PWY: flavin biosynthesis I (bacteria and plants)|g__Blautia.s__Blautia_obeum	0.0004777375
PWY-6629: superpathway of L-tryptophan biosynthesis	0.0000000000
PWY-6629: superpathway of L-tryptophan biosynthesis|unclassified	0.0000000000
PWY-6629: superpathway of L-tryptophan biosynthesis|g__Blautia.s__Blautia_obeum	0.0002144096
PWY-6629: superpathway of L-tryptophan biosynthesis|g__Blautia.s__Ruminococcus_torques	0.0220401976
PWY-6629: superpathway of L-tryptophan biosynthesis|g__Blautia.s__Blautia_wexlerae	0.0000000509
PWY-7560: methylerythritol phosphate pathway II	0.0000000000
PWY-7560: methylerythritol phosphate pathway II|g__Bacteroides.s__Bacteroides_ovatus	0.1630834566
PWY-7560: methylerythritol phosphate pathway II|g__Blautia.s__Blautia_obeum	0.2006706510
PWY-7560: methylerythritol phosphate pathway II|g__Blautia.s__Blautia_wexlerae	0.1772455781
PWY-6125: superpathway of guanosine nucleotides de novo biosynthesis II	0.0000000000
PWY-6125: superpathway of guanosine nucleotides de novo biosynthesis II|g__Bacteroides.s__Bacteroides_vulgatus	0.7911286319
PWY-6125: superpathway of guanosine nucleotides de novo biosynthesis II|g__Bacteroides.s__Bacteroides_ovatus	0.5442172415
PWY-3001: superpathway of L-isoleucine biosynthesis I	0.0000000000
PWY-3001: superpathway of L-isoleucine biosynthesis I|unclassified	0.0000000002
HISTSYN-PWY: L-histidine biosynthesis	0.0019729729
HISTSYN-PWY: L-histidine biosynthesis|g__Bacteroides.s__Bacteroides_vulgatus	0.1746006989
HISTSYN-PWY: L-histidine biosynthesis|g__Bacteroides.s__Bacteroides_ovatus	0.0944954034
HISTSYN-PWY: L-histidine biosynthesis|unclassified	0.0000000000
HISTSYN-PWY: L-histidine biosynthesis|g__Blautia.s__Ruminococcus_torques	0.0033495440
HISTSYN-PWY: L-histidine biosynthesis|g__Blautia.s__Blautia_sp	0.1982116917
HISTSYN-PWY: L-histidine biosynthesis|g__Bacteroides.s__Bacteroides_uniformis	0.0674390468
HISTSYN-PWY: L-histidine biosynthesis|g__Blautia.s__Blautia_obeum	0.0000000000
PWY-7111: pyruvate fermentation to isobutanol (engineered)	0.0000000020
PWY-7111: pyruvate fermentation to isobutanol (engineered)|unclassified	0.0000007039
PWY-7111: pyruvate fermentation to isobutanol (engineered)|g__Blautia.s__Blautia_wexlerae	0.1483824466
PWY-7111: pyruvate fermentation to isobutanol (engineered)|g__Blautia.s__Ruminococcus_torques	0.0011743171
PWY-7111: pyruvate fermentation to isobutanol (engineered)|g__Blautia.s__Blautia_obeum	0.0000000442
GLUTORN-PWY: L-ornithine biosynthesis I	0.0000004958
GLUTORN-PWY: L-ornithine biosynthesis I|unclassified	0.0000000000
GLUTORN-PWY: L-ornithine biosynthesis I|g__Blautia.s__Blautia_wexlerae	0.1047865298
GLUTORN-PWY: L-ornithine biosynthesis I|g__Blautia.s__Ruminococcus_torques	0.2717066753
GLUTORN-PWY: L-ornithine biosynthesis I|g__Blautia.s__Blautia_sp	0.6164293299
GLUTORN-PWY: L-ornithine biosynthesis I|g__Ruminococcus.s__Ruminococcus_bicirculans	0.4380880687
GLUTORN-PWY: L-ornithine biosynthesis I|g__Blautia.s__Blautia_obeum	0.0000000000
PWY0-1296: purine ribonucleosides degradation	0.0000000000
PWY0-1296: purine ribonucleosides degradation|g__Blautia.s__Blautia_obeum	0.9012665120
PWY0-1296: purine ribonucleosides degradation|unclassified	0.0000000000
PWY0-1296: purine ribonucleosides degradation|g__Blautia.s__Ruminococcus_torques	0.9172763163
PWY0-1296: purine ribonucleosides degradation|g__Blautia.s__Blautia_wexlerae	0.1092691457
PWY0-1296: purine ribonucleosides degradation|g__Firmicutes_unclassified.s__Firmicutes_bacterium_CAG_124	0.8588610200
PWY0-1296: purine ribonucleosides degradation|g__Blautia.s__Blautia_sp	0.0241325781
PWY-7208: superpathway of pyrimidine nucleobases salvage	0.0000000000
PWY-7208: superpathway of pyrimidine nucleobases salvage|g__Dialister.s__Dialister_invisus	0.5395111337
PWY-7208: superpathway of pyrimidine nucleobases salvage|g__Asaccharobacter.s__Asaccharobacter_celatus	0.7298739763
PWY-8178: pentose phosphate pathway (non-oxidative branch) II	0.0000000000
PWY-8178: pentose phosphate pathway (non-oxidative branch) II|unclassified	0.0000000000
PWY-8178: pentose phosphate pathway (non-oxidative branch) II|g__Blautia.s__Blautia_wexlerae	0.9729786579
PWY-8178: pentose phosphate pathway (non-oxidative branch) II|g__Blautia.s__Ruminococcus_torques	0.5550159901
PWY-8178: pentose phosphate pathway (non-oxidative branch) II|g__Blautia.s__Blautia_sp	0.3980938166
PWY-8178: pentose phosphate pathway (non-oxidative branch) II|g__Lachnoclostridium.s__Clostridium_clostridioforme	0.6098562758
PWY-8178: pentose phosphate pathway (non-oxidative branch) II|g__Blautia.s__Blautia_obeum	0.0000000000
OANTIGEN-PWY: O-antigen building blocks biosynthesis (E. coli)	0.0000000000
OANTIGEN-PWY: O-antigen building blocks biosynthesis (E. coli)|unclassified	0.0000000000
PWY-6897: thiamine diphosphate salvage II	0.0000000000
PWY-6897: thiamine diphosphate salvage II|g__Bacteroides.s__Bacteroides_ovatus	0.0670936241
PWY-6897: thiamine diphosphate salvage II|g__Dialister.s__Dialister_invisus	0.5630101151
PWY-6897: thiamine diphosphate salvage II|g__Bacteroides.s__Bacteroides_uniformis	0.0308436197
PWY-6892: thiazole component of thiamine diphosphate biosynthesis I	0.0000000000
PWY-6892: thiazole component of thiamine diphosphate biosynthesis I|g__Blautia.s__Blautia_wexlerae	0.9949940554
PWY-6892: thiazole component of thiamine diphosphate biosynthesis I|g__Bacteroides.s__Bacteroides_ovatus	0.1008542899
PWY-6892: thiazole component of thiamine diphosphate biosynthesis I|g__Blautia.s__Blautia_sp	0.5458868109
PWY-6892: thiazole component of thiamine diphosphate biosynthesis I|g__Bacteroides.s__Bacteroides_uniformis	0.0213748817
PWY-6892: thiazole component of thiamine diphosphate biosynthesis I|unclassified	0.0000000000
PWY-6892: thiazole component of thiamine diphosphate biosynthesis I|g__Blautia.s__Blautia_obeum	0.0000000004
PWY-6151: S-adenosyl-L-methionine salvage I	0.0000000000
PWY-6151: S-adenosyl-L-methionine salvage I|g__Bacteroides.s__Bacteroides_vulgatus	0.0016425319
PWY-6151: S-adenosyl-L-methionine salvage I|unclassified	0.0000000000
PWY-6151: S-adenosyl-L-methionine salvage I|g__Blautia.s__Blautia_wexlerae	0.0967417266
PWY-6151: S-adenosyl-L-methionine salvage I|g__Blautia.s__Ruminococcus_torques	0.0238873415
PWY-6151: S-adenosyl-L-methionine salvage I|g__Bacteroides.s__Bacteroides_uniformis	0.1401771862
PWY-6151: S-adenosyl-L-methionine salvage I|g__Eubacterium.s__Eubacterium_eligens	0.6293834820
PWY-6151: S-adenosyl-L-methionine salvage I|g__Gemmiger.s__Gemmiger_formicilis	0.0407728899
PWY-6151: S-adenosyl-L-methionine salvage I|g__Erysipelatoclostridium.s__Clostridium_innocuum	0.5293998293
PWY-5121: superpathway of geranylgeranyl diphosphate biosynthesis II (via MEP)	0.0000000000
PWY-5121: superpathway of geranylgeranyl diphosphate biosynthesis II (via MEP)|g__Bacteroides.s__Bacteroides_vulgatus	0.2252981141
PWY-7357: thiamine phosphate formation from pyrithiamine and oxythiamine (yeast)	0.0000000000
PWY-7357: thiamine phosphate formation from pyrithiamine and oxythiamine (yeast)|g__Blautia.s__Blautia_obeum	0.3411049350
PWY-7357: thiamine phosphate formation from pyrithiamine and oxythiamine (yeast)|g__Bacteroides.s__Bacteroides_ovatus	0.0457707198
PWY-7357: thiamine phosphate formation from pyrithiamine and oxythiamine (yeast)|g__Dialister.s__Dialister_invisus	0.5696218185
PWY-7357: thiamine phosphate formation from pyrithiamine and oxythiamine (yeast)|g__Eggerthella.s__Eggerthella_lenta	0.5679673127
PWY-7357: thiamine phosphate formation from pyrithiamine and oxythiamine (yeast)|g__Bacteroides.s__Bacteroides_uniformis	0.0206416419
PWY-7357: thiamine phosphate formation from pyrithiamine and oxythiamine (yeast)|g__Adlercreutzia.s__Adlercreutzia_equolifaciens	0.2999112995
PWY-7357: thiamine phosphate formation from pyrithiamine and oxythiamine (yeast)|g__Asaccharobacter.s__Asaccharobacter_celatus	0.0162671348
TRPSYN-PWY: L-tryptophan biosynthesis	0.0000000000
TRPSYN-PWY: L-tryptophan biosynthesis|g__Bacteroides.s__Bacteroides_vulgatus	0.0000003552
TRPSYN-PWY: L-tryptophan biosynthesis|g__Blautia.s__Blautia_wexlerae	0.0016119629
TRPSYN-PWY: L-tryptophan biosynthesis|g__Blautia.s__Blautia_obeum	0.0000898219
TRPSYN-PWY: L-tryptophan biosynthesis|g__Blautia.s__Ruminococcus_torques	0.0138013214
TRPSYN-PWY: L-tryptophan biosynthesis|g__Blautia.s__Blautia_sp	0.4801197052
TRPSYN-PWY: L-tryptophan biosynthesis|unclassified	0.0000000000
TRPSYN-PWY: L-tryptophan biosynthesis|g__Ruminococcus.s__Ruminococcus_bicirculans	0.2213727803
TRPSYN-PWY: L-tryptophan biosynthesis|g__Lachnoclostridium.s__Clostridium_clostridioforme	0.2262200334
PWY-7220: adenosine deoxyribonucleotides de novo biosynthesis II	0.0000000000
PWY-7220: adenosine deoxyribonucleotides de novo biosynthesis II|g__Bacteroides.s__Bacteroides_vulgatus	0.9625385131
PWY-7220: adenosine deoxyribonucleotides de novo biosynthesis II|g__Bacteroides.s__Bacteroides_ovatus	0.4050239477
PWY-7220: adenosine deoxyribonucleotides de novo biosynthesis II|g__Erysipelatoclostridium.s__Clostridium_innocuum	0.4867081758
PWY-7222: guanosine deoxyribonucleotides de novo biosynthesis II	0.0000000000
PWY-7222: guanosine deoxyribonucleotides de novo biosynthesis II|g__Bacteroides.s__Bacteroides_vulgatus	0.9625385131
PWY-7222: guanosine deoxyribonucleotides de novo biosynthesis II|g__Bacteroides.s__Bacteroides_ovatus	0.4050239477
PWY-7222: guanosine deoxyribonucleotides de novo biosynthesis II|g__Erysipelatoclostridium.s__Clostridium_innocuum	0.4867081758
THISYN-PWY: superpathway of thiamine diphosphate biosynthesis I	0.0000000000
THISYN-PWY: superpathway of thiamine diphosphate biosynthesis I|g__Bacteroides.s__Bacteroides_ovatus	0.1033002331
THISYN-PWY: superpathway of thiamine diphosphate biosynthesis I|g__Bacteroides.s__Bacteroides_uniformis	0.0298538956
HISDEG-PWY: L-histidine degradation I	0.0000005942
HISDEG-PWY: L-histidine degradation I|g__Bacteroides.s__Bacteroides_vulgatus	0.6235340662
HISDEG-PWY: L-histidine degradation I|unclassified	0.0000332217
HISDEG-PWY: L-histidine degradation I|g__Bacteroides.s__Bacteroides_ovatus	0.3268919288
HISDEG-PWY: L-histidine degradation I|g__Bacteroides.s__Bacteroides_uniformis	0.1138636315
HISDEG-PWY: L-histidine degradation I|g__Firmicutes_unclassified.s__Firmicutes_bacterium_CAG_124	0.4063442830
PWY-6703: preQ0 biosynthesis	0.0000000000
PWY-6703: preQ0 biosynthesis|g__Bacteroides.s__Bacteroides_vulgatus	0.6955551915
PWY-6703: preQ0 biosynthesis|g__Bacteroides.s__Bacteroides_ovatus	0.0489299594
PWY-6703: preQ0 biosynthesis|g__Dialister.s__Dialister_invisus	0.6296400639
PWY-6703: preQ0 biosynthesis|unclassified	0.0000000000
PWY-6703: preQ0 biosynthesis|g__Blautia.s__Blautia_sp	0.0139559061
PWY-6703: preQ0 biosynthesis|g__Eubacterium.s__Eubacterium_eligens	0.3858674648
PWY-6703: preQ0 biosynthesis|g__Blautia.s__Blautia_obeum	0.0000000000
NONOXIPENT-PWY: pentose phosphate pathway (non-oxidative branch) I	0.0000000000
NONOXIPENT-PWY: pentose phosphate pathway (non-oxidative branch) I|unclassified	0.0000000000
NONOXIPENT-PWY: pentose phosphate pathway (non-oxidative branch) I|g__Blautia.s__Blautia_wexlerae	0.0169276768
NONOXIPENT-PWY: pentose phosphate pathway (non-oxidative branch) I|g__Blautia.s__Ruminococcus_torques	0.1311990537
NONOXIPENT-PWY: pentose phosphate pathway (non-oxidative branch) I|g__Blautia.s__Blautia_obeum	0.0000000000
PWY0-162: superpathway of pyrimidine ribonucleotides de novo biosynthesis	0.0000000000
PWY0-162: superpathway of pyrimidine ribonucleotides de novo biosynthesis|g__Bacteroides.s__Bacteroides_ovatus	0.0077283322
PWY-5030: L-histidine degradation III	0.0000000000
PWY-5030: L-histidine degradation III|g__Bacteroides.s__Bacteroides_vulgatus	0.3508649484
PWY-5030: L-histidine degradation III|unclassified	0.0000002110
PWY-5030: L-histidine degradation III|g__Bacteroides.s__Bacteroides_ovatus	0.3892093465
PWY-5030: L-histidine degradation III|g__Bacteroides.s__Bacteroides_uniformis	0.1539649897
PWY-7392: taxadiene biosynthesis (engineered)	0.0000000000
PWY-6317: D-galactose degradation I (Leloir pathway)	0.0000000000
PWY-6317: D-galactose degradation I (Leloir pathway)|g__Blautia.s__Blautia_wexlerae	0.2597057357
PWY-6317: D-galactose degradation I (Leloir pathway)|g__Blautia.s__Blautia_obeum	0.1496759690
PWY-6317: D-galactose degradation I (Leloir pathway)|g__Blautia.s__Blautia_sp	0.8471681274
PWY-6317: D-galactose degradation I (Leloir pathway)|unclassified	0.0000000000
PWY-6317: D-galactose degradation I (Leloir pathway)|g__Blautia.s__Ruminococcus_torques	0.0152911673
PWY-6901: superpathway of glucose and xylose degradation	0.0000000000
RHAMCAT-PWY: L-rhamnose degradation I	0.0000000000
RHAMCAT-PWY: L-rhamnose degradation I|g__Bacteroides.s__Bacteroides_vulgatus	0.3816422825
RHAMCAT-PWY: L-rhamnose degradation I|g__Bacteroides.s__Bacteroides_ovatus	0.4216080518
RHAMCAT-PWY: L-rhamnose degradation I|unclassified	0.0000000000
RHAMCAT-PWY: L-rhamnose degradation I|g__Asaccharobacter.s__Asaccharobacter_celatus	0.6708461398
HSERMETANA-PWY: L-methionine biosynthesis III	0.0000000000
HSERMETANA-PWY: L-methionine biosynthesis III|unclassified	0.0000000000
HSERMETANA-PWY: L-methionine biosynthesis III|g__Blautia.s__Blautia_wexlerae	0.0019742734
HSERMETANA-PWY: L-methionine biosynthesis III|g__Blautia.s__Blautia_sp	0.6054566508
HSERMETANA-PWY: L-methionine biosynthesis III|g__Blautia.s__Ruminococcus_torques	0.0256312854
HSERMETANA-PWY: L-methionine biosynthesis III|g__Ruminococcus.s__Ruminococcus_bicirculans	0.8775781683
HSERMETANA-PWY: L-methionine biosynthesis III|g__Eubacterium.s__Eubacterium_eligens	0.4784702995
ARGININE-SYN4-PWY: L-ornithine biosynthesis II	0.0000000000
ARGININE-SYN4-PWY: L-ornithine biosynthesis II|g__Bacteroides.s__Bacteroides_vulgatus	0.2405880567
ARGININE-SYN4-PWY: L-ornithine biosynthesis II|g__Bacteroides.s__Bacteroides_ovatus	0.8398756368
ARGININE-SYN4-PWY: L-ornithine biosynthesis II|g__Bacteroides.s__Bacteroides_uniformis	0.0257128187
UDPNAGSYN-PWY: UDP-N-acetyl-D-glucosamine biosynthesis I	0.0000000000
UDPNAGSYN-PWY: UDP-N-acetyl-D-glucosamine biosynthesis I|unclassified	0.0000000000
UDPNAGSYN-PWY: UDP-N-acetyl-D-glucosamine biosynthesis I|g__Dialister.s__Dialister_invisus	0.5662623001
UDPNAGSYN-PWY: UDP-N-acetyl-D-glucosamine biosynthesis I|g__Firmicutes_unclassified.s__Firmicutes_bacterium_CAG_124	0.8941684045
UDPNAGSYN-PWY: UDP-N-acetyl-D-glucosamine biosynthesis I|g__Ruminococcus.s__Ruminococcus_bicirculans	0.3768711827
PENTOSE-P-PWY: pentose phosphate pathway	0.0000000000
PWY-7197: pyrimidine deoxyribonucleotide phosphorylation	0.0000000000
PWY-7197: pyrimidine deoxyribonucleotide phosphorylation|g__Dialister.s__Dialister_invisus	0.4339162461
PWY-7197: pyrimidine deoxyribonucleotide phosphorylation|g__Erysipelatoclostridium.s__Clostridium_innocuum	0.6224502201
PWY-7237: myo-, chiro- and scyllo-inositol degradation	0.0000000000
PWY-7237: myo-, chiro- and scyllo-inositol degradation|g__Bacteroides.s__Bacteroides_ovatus	0.9999994207
PWY-7237: myo-, chiro- and scyllo-inositol degradation|g__Blautia.s__Ruminococcus_torques	1.0000000000
PWY-7237: myo-, chiro- and scyllo-inositol degradation|g__Blautia.s__Blautia_obeum	0.3914226090
PWY-7237: myo-, chiro- and scyllo-inositol degradation|unclassified	0.0000000000
PWY-7237: myo-, chiro- and scyllo-inositol degradation|g__Blautia.s__Blautia_sp	0.8376370417
PWY-7237: myo-, chiro- and scyllo-inositol degradation|g__Faecalibacterium.s__Faecalibacterium_prausnitzii	0.9447756169
PWY-7237: myo-, chiro- and scyllo-inositol degradation|g__Eubacterium.s__Eubacterium_eligens	0.7815598840
PWY-7237: myo-, chiro- and scyllo-inositol degradation|g__Lachnoclostridium.s__Clostridium_clostridioforme	0.5193724025
PWY-7237: myo-, chiro- and scyllo-inositol degradation|g__Erysipelatoclostridium.s__Clostridium_innocuum	0.6956074600
PWY-7237: myo-, chiro- and scyllo-inositol degradation|g__Oscillibacter.s__Oscillibacter_sp_57_20	0.2258876597
PWY-7237: myo-, chiro- and scyllo-inositol degradation|g__Blautia.s__Blautia_wexlerae	0.0000000000
PWY-7383: anaerobic energy metabolism (invertebrates, cytosol)	0.0000000000
PWY-7383: anaerobic energy metabolism (invertebrates, cytosol)|unclassified	0.0000068157
PWY-6628: superpathway of L-phenylalanine biosynthesis	0.0000000000
PWY-6628: superpathway of L-phenylalanine biosynthesis|unclassified	0.0000000000
CITRULBIO-PWY: L-citrulline biosynthesis	0.0000000000
PWY-6527: stachyose degradation	0.0000000000
PWY-6527: stachyose degradation|g__Blautia.s__Blautia_obeum	0.9439302016
PWY-6527: stachyose degradation|g__Blautia.s__Blautia_wexlerae	0.6163767038
PWY-6527: stachyose degradation|unclassified	0.0000000000
PWY-6527: stachyose degradation|g__Blautia.s__Ruminococcus_torques	0.0118958454
PWY-6527: stachyose degradation|g__Ruminococcus.s__Ruminococcus_bicirculans	0.3807467169
PWY-6823: molybdopterin biosynthesis	0.0000000000
PWY-6823: molybdopterin biosynthesis|unclassified	0.0000000002
PWY-6823: molybdopterin biosynthesis|g__Blautia.s__Blautia_obeum	0.9955459877
PWY-6823: molybdopterin biosynthesis|g__Blautia.s__Blautia_sp	0.9623764278
PWY-6823: molybdopterin biosynthesis|g__Blautia.s__Ruminococcus_torques	0.5413367846
PWY-6823: molybdopterin biosynthesis|g__Eubacterium.s__Eubacterium_hallii	0.4289241499
PWY-5659: GDP-mannose biosynthesis	0.0000000000
PWY-5659: GDP-mannose biosynthesis|g__Bacteroides.s__Bacteroides_vulgatus	0.0000000084
PWY-5659: GDP-mannose biosynthesis|unclassified	0.0000000000
PWY-6147: 6-hydroxymethyl-dihydropterin diphosphate biosynthesis I	0.0000000000
PWY-6147: 6-hydroxymethyl-dihydropterin diphosphate biosynthesis I|g__Bacteroides.s__Bacteroides_vulgatus	0.4615077525
PWY-6147: 6-hydroxymethyl-dihydropterin diphosphate biosynthesis I|g__Bacteroides.s__Bacteroides_uniformis	0.2572931188
PWY-6147: 6-hydroxymethyl-dihydropterin diphosphate biosynthesis I|g__Dialister.s__Dialister_invisus	0.0004798443
PWY-6630: superpathway of L-tyrosine biosynthesis	0.0000000000
PWY-6630: superpathway of L-tyrosine biosynthesis|unclassified	0.0000000000
POLYISOPRENSYN-PWY: polyisoprenoid biosynthesis (E. coli)	0.0000000000
PWY-7400: L-arginine biosynthesis IV (archaebacteria)	0.0000000000
COBALSYN-PWY: superpathway of adenosylcobalamin salvage from cobinamide I	0.0000000000
COBALSYN-PWY: superpathway of adenosylcobalamin salvage from cobinamide I|g__Blautia.s__Blautia_obeum	0.0139525245
COBALSYN-PWY: superpathway of adenosylcobalamin salvage from cobinamide I|g__Blautia.s__Blautia_wexlerae	0.0085141290
COBALSYN-PWY: superpathway of adenosylcobalamin salvage from cobinamide I|g__Blautia.s__Ruminococcus_torques	0.0020596482
COBALSYN-PWY: superpathway of adenosylcobalamin salvage from cobinamide I|g__Blautia.s__Blautia_sp	0.1346013668
COBALSYN-PWY: superpathway of adenosylcobalamin salvage from cobinamide I|unclassified	0.0000000000
P41-PWY: pyruvate fermentation to acetate and (S)-lactate I	0.0000000000
P41-PWY: pyruvate fermentation to acetate and (S)-lactate I|g__Blautia.s__Ruminococcus_torques	0.2176661846
P41-PWY: pyruvate fermentation to acetate and (S)-lactate I|g__Blautia.s__Blautia_obeum	0.0000000028
P41-PWY: pyruvate fermentation to acetate and (S)-lactate I|g__Eggerthella.s__Eggerthella_lenta	0.2448339356
PWY-5100: pyruvate fermentation to acetate and lactate II	0.0000000000
PWY-5100: pyruvate fermentation to acetate and lactate II|unclassified	0.0000000000
PWY-5100: pyruvate fermentation to acetate and lactate II|g__Blautia.s__Ruminococcus_torques	0.2176661846
PWY-5100: pyruvate fermentation to acetate and lactate II|g__Blautia.s__Blautia_obeum	0.0000000028
PWY-5100: pyruvate fermentation to acetate and lactate II|g__Eggerthella.s__Eggerthella_lenta	0.5259349422
PWY-5100: pyruvate fermentation to acetate and lactate II|g__Hungatella.s__Hungatella_hathewayi	0.3547736108
COLANSYN-PWY: colanic acid building blocks biosynthesis	0.0000000000
COLANSYN-PWY: colanic acid building blocks biosynthesis|unclassified	0.0000000000
PHOSLIPSYN-PWY: superpathway of phospholipid biosynthesis I (bacteria)	0.0000000000
PHOSLIPSYN-PWY: superpathway of phospholipid biosynthesis I (bacteria)|unclassified	0.0000000000
PWY-5505: L-glutamate and L-glutamine biosynthesis	0.0000000000
PWY-5505: L-glutamate and L-glutamine biosynthesis|unclassified	0.0000000000
PWY-8187: L-arginine degradation XIII (reductive Stickland reaction)	0.0000000000
PWY-8187: L-arginine degradation XIII (reductive Stickland reaction)|unclassified	0.0000000000
PWY-8187: L-arginine degradation XIII (reductive Stickland reaction)|g__Asaccharobacter.s__Asaccharobacter_celatus	0.2515220735
PWY-8187: L-arginine degradation XIII (reductive Stickland reaction)|g__Adlercreutzia.s__Adlercreutzia_equolifaciens	0.0107554509
PWY-6608: guanosine nucleotides degradation III	0.0000000000
PWY-6608: guanosine nucleotides degradation III|g__Blautia.s__Blautia_wexlerae	0.0773804086
PWY-6608: guanosine nucleotides degradation III|g__Blautia.s__Ruminococcus_torques	0.0041599087
PWY-6608: guanosine nucleotides degradation III|g__Blautia.s__Blautia_obeum	0.0000000483
ANAEROFRUCAT-PWY: homolactic fermentation	0.0000000000
ANAEROFRUCAT-PWY: homolactic fermentation|unclassified	0.0000000000
PWY-621: sucrose degradation III (sucrose invertase)	0.0000000000
PWY-621: sucrose degradation III (sucrose invertase)|g__Bacteroides.s__Bacteroides_ovatus	0.5293742310
PWY-621: sucrose degradation III (sucrose invertase)|g__Ruminococcus.s__Ruminococcus_bicirculans	0.4170465001
PWY-7761: NAD salvage pathway II (PNC IV cycle)	0.0000000000
THISYNARA-PWY: superpathway of thiamine diphosphate biosynthesis III (eukaryotes)	0.0000000000
THISYNARA-PWY: superpathway of thiamine diphosphate biosynthesis III (eukaryotes)|g__Bacteroides.s__Bacteroides_ovatus	0.0414789480
THISYNARA-PWY: superpathway of thiamine diphosphate biosynthesis III (eukaryotes)|g__Bacteroides.s__Bacteroides_uniformis	0.0248916546
PWY-7282: 4-amino-2-methyl-5-diphosphomethylpyrimidine biosynthesis II	0.0000000000
PWY-7282: 4-amino-2-methyl-5-diphosphomethylpyrimidine biosynthesis II|g__Bacteroides.s__Bacteroides_ovatus	0.0799120425
METH-ACETATE-PWY: methanogenesis from acetate	0.0000000000
METH-ACETATE-PWY: methanogenesis from acetate|g__Blautia.s__Blautia_wexlerae	0.4905415866
METH-ACETATE-PWY: methanogenesis from acetate|g__Blautia.s__Ruminococcus_torques	0.0000007072
METH-ACETATE-PWY: methanogenesis from acetate|g__Blautia.s__Blautia_obeum	0.0000000000
PWY-7198: pyrimidine deoxyribonucleotides de novo biosynthesis IV	0.0000000000
PWY-6731: starch degradation III	0.0000000000
PWY-6731: starch degradation III|g__Blautia.s__Blautia_obeum	0.6685917047
PWY-6731: starch degradation III|g__Blautia.s__Blautia_wexlerae	0.0032831951
PWY-6731: starch degradation III|g__Blautia.s__Blautia_sp	0.0968862727
PWY-6731: starch degradation III|g__Blautia.s__Ruminococcus_torques	0.0000000118
PWY-5384: sucrose degradation IV (sucrose phosphorylase)	0.0000000000
PWY-5384: sucrose degradation IV (sucrose phosphorylase)|g__Bacteroides.s__Bacteroides_ovatus	0.6279906109
GLCMANNANAUT-PWY: superpathway of N-acetylglucosamine, N-acetylmannosamine and N-acetylneuraminate degradation	0.0000000000
PWY-4984: urea cycle	0.0000000000
PWY-1269: CMP-3-deoxy-D-manno-octulosonate biosynthesis	0.0000000000
PWY-1269: CMP-3-deoxy-D-manno-octulosonate biosynthesis|g__Bacteroides.s__Bacteroides_ovatus	0.5437528014
PWY-1269: CMP-3-deoxy-D-manno-octulosonate biosynthesis|unclassified	0.0000000000
PWY-1269: CMP-3-deoxy-D-manno-octulosonate biosynthesis|g__Bacteroides.s__Bacteroides_uniformis	0.0013165024
GLYCOLYSIS: glycolysis I (from glucose 6-phosphate)	0.0000000000
GLYCOLYSIS: glycolysis I (from glucose 6-phosphate)|unclassified	0.0000000000
PWY-5484: glycolysis II (from fructose 6-phosphate)	0.0000000000
PWY-5484: glycolysis II (from fructose 6-phosphate)|unclassified	0.0000000000
PWY-7323: superpathway of GDP-mannose-derived O-antigen building blocks biosynthesis	0.0000000000
PWY-6859: all-trans-farnesol biosynthesis	0.0000000000
PWY0-845: superpathway of pyridoxal 5'-phosphate biosynthesis and salvage	0.0000000000
PWY0-845: superpathway of pyridoxal 5'-phosphate biosynthesis and salvage|g__Bacteroides.s__Bacteroides_ovatus	0.3149436694
PWY0-845: superpathway of pyridoxal 5'-phosphate biosynthesis and salvage|unclassified	0.0000000000
PWY-2941: L-lysine biosynthesis II	0.0000000000
PPGPPMET-PWY: ppGpp metabolism	0.0000000000
PWY-7328: superpathway of UDP-glucose-derived O-antigen building blocks biosynthesis	0.0000000000
PWY-7328: superpathway of UDP-glucose-derived O-antigen building blocks biosynthesis|unclassified	0.0000000000
PWY-7328: superpathway of UDP-glucose-derived O-antigen building blocks biosynthesis|g__Blautia.s__Ruminococcus_torques	0.0000000118
PWY-5188: tetrapyrrole biosynthesis I (from glutamate)	0.0000000000
PWY-5188: tetrapyrrole biosynthesis I (from glutamate)|g__Blautia.s__Blautia_wexlerae	0.2070258217
PWY-5188: tetrapyrrole biosynthesis I (from glutamate)|g__Dialister.s__Dialister_invisus	0.0490116758
PWY-5188: tetrapyrrole biosynthesis I (from glutamate)|g__Blautia.s__Blautia_sp	0.2033448421
PWY-5188: tetrapyrrole biosynthesis I (from glutamate)|g__Blautia.s__Ruminococcus_torques	0.0003911031
PWY-5188: tetrapyrrole biosynthesis I (from glutamate)|g__Ruminococcus.s__Ruminococcus_bicirculans	0.2378765956
PYRIDOXSYN-PWY: pyridoxal 5'-phosphate biosynthesis I	0.0000000000
PYRIDOXSYN-PWY: pyridoxal 5'-phosphate biosynthesis I|g__Bacteroides.s__Bacteroides_ovatus	0.3105088938
PYRIDOXSYN-PWY: pyridoxal 5'-phosphate biosynthesis I|unclassified	0.0000000000
PWY-7356: thiamine diphosphate salvage IV (yeast)	0.0000000000
PWY4FS-7: phosphatidylglycerol biosynthesis I (plastidic)	0.0000000000
PWY4FS-7: phosphatidylglycerol biosynthesis I (plastidic)|unclassified	0.0000000000
PWY4FS-8: phosphatidylglycerol biosynthesis II (non-plastidic)	0.0000000000
PWY4FS-8: phosphatidylglycerol biosynthesis II (non-plastidic)|unclassified	0.0000000000
FUC-RHAMCAT-PWY: superpathway of fucose and rhamnose degradation	0.0000000000
BIOTIN-BIOSYNTHESIS-PWY: biotin biosynthesis I	0.0000000000
FASYN-ELONG-PWY: fatty acid elongation -- saturated	0.0000000000
P164-PWY: purine nucleobases degradation I (anaerobic)	0.0000000000
PWY-6807: xyloglucan degradation II (exoglucanase)	0.0000000000
PWY-6305: superpathway of putrescine biosynthesis	0.0000000000
GLUCUROCAT-PWY: superpathway of &beta;-D-glucuronosides degradation	0.0000000000
GLUCUROCAT-PWY: superpathway of &beta;-D-glucuronosides degradation|unclassified	0.0000000000
PWY-7664: oleate biosynthesis IV (anaerobic)	0.0000000000
PWY-6519: 8-amino-7-oxononanoate biosynthesis I	0.0000000000
GALACTUROCAT-PWY: D-galacturonate degradation I	0.0000000000
GALACTUROCAT-PWY: D-galacturonate degradation I|unclassified	0.0000000000
PWY-7345: superpathway of anaerobic sucrose degradation	0.0000000000
GLUCONEO-PWY: gluconeogenesis I	0.0000000000
GLUCONEO-PWY: gluconeogenesis I|unclassified	0.0000000000
FUCCAT-PWY: fucose degradation	0.0000000000
FUCCAT-PWY: fucose degradation|g__Blautia.s__Ruminococcus_torques	0.1165459640
FUCCAT-PWY: fucose degradation|unclassified	0.0000000000
PWY-5989: stearate biosynthesis II (bacteria and plants)	0.0000000000
PWY0-862: (5Z)-dodecenoate biosynthesis I	0.0000000000
PWY-6282: palmitoleate biosynthesis I (from (5Z)-dodec-5-enoate)	0.0000000000
PWY66-399: gluconeogenesis III	0.0000000000
PWY-7242: D-fructuronate degradation	0.0000000000
PWY-7242: D-fructuronate degradation|unclassified	0.0000000000
PWY-8131: 5'-deoxyadenosine degradation II	0.0000000000
PWY-8131: 5'-deoxyadenosine degradation II|g__Blautia.s__Blautia_obeum	0.2594395698
PWY-8131: 5'-deoxyadenosine degradation II|unclassified	0.0000000000
PWY0-1261: anhydromuropeptides recycling I	0.0000000000
P441-PWY: superpathway of N-acetylneuraminate degradation	0.0000000000
PWY-7456: &beta;-(1,4)-mannan degradation	0.0000000000
GLYCOLYSIS-E-D: superpathway of glycolysis and the Entner-Doudoroff pathway	0.0000000000
GLYCOCAT-PWY: glycogen degradation I	0.0000000000
PWY-5005: biotin biosynthesis II	0.0000000000
PWY-6895: superpathway of thiamine diphosphate biosynthesis II	0.0000000000
PWY-8004: Entner-Doudoroff pathway I	0.0000000000
PWY-6902: chitin degradation II (Vibrio)	0.0000000000
PWY-6902: chitin degradation II (Vibrio)|g__Bacteroides.s__Bacteroides_vulgatus	0.0000000000
PWY-6902: chitin degradation II (Vibrio)|g__Bacteroides.s__Bacteroides_uniformis	0.1889424668
GALACT-GLUCUROCAT-PWY: superpathway of hexuronide and hexuronate degradation	0.0000000000
FERMENTATION-PWY: mixed acid fermentation	0.0000000000
FERMENTATION-PWY: mixed acid fermentation|unclassified	0.0000000000
PWY-6936: seleno-amino acid biosynthesis (plants)	0.0000000000
PWY-6936: seleno-amino acid biosynthesis (plants)|g__Blautia.s__Ruminococcus_torques	0.0249853210
PWY-6936: seleno-amino acid biosynthesis (plants)|g__Eubacterium.s__Eubacterium_eligens	0.6069624520
GLUDEG-I-PWY: GABA shunt	0.0000000000
PWY-5022: 4-aminobutanoate degradation V	0.0000000000
PWY-6969: TCA cycle V (2-oxoglutarate synthase)	0.0000000000
NAGLIPASYN-PWY: lipid IVA biosynthesis (E. coli)	0.0000000000
NAGLIPASYN-PWY: lipid IVA biosynthesis (E. coli)|g__Bacteroides.s__Bacteroides_uniformis	0.1178697476
PWY-8073: lipid IVA biosynthesis (P. putida)	0.0000000000
PWY-8073: lipid IVA biosynthesis (P. putida)|g__Bacteroides.s__Bacteroides_uniformis	0.1178697476
PWY-7234: inosine-5'-phosphate biosynthesis III	0.0000000000
PWY-7234: inosine-5'-phosphate biosynthesis III|unclassified	0.0000000000
PWY-4041: &gamma;-glutamyl cycle	0.0000000000
PWY-6507: 4-deoxy-L-threo-hex-4-enopyranuronate degradation	0.0000000000
PWY-6507: 4-deoxy-L-threo-hex-4-enopyranuronate degradation|unclassified	0.0000000000
PWY-6549: L-glutamine biosynthesis III	0.0000000000
PWY0-1297: superpathway of purine deoxyribonucleosides degradation	0.0000000000
PWY-5690: TCA cycle II (plants and fungi)	0.0000000000
PWY-I9: L-cysteine biosynthesis VI (from L-methionine)	0.0000000000
PWY-I9: L-cysteine biosynthesis VI (from L-methionine)|g__Blautia.s__Ruminococcus_torques	0.0047950432
PWY-5497: purine nucleobases degradation II (anaerobic)	0.0000000000
PWY-6531: mannitol cycle	0.0000000000
PWY4LZ-257: superpathway of fermentation (Chlamydomonas reinhardtii)	0.0000000000
P461-PWY: hexitol fermentation to lactate, formate, ethanol and acetate	0.0000000000
P105-PWY: TCA cycle IV (2-oxoglutarate decarboxylase)	0.0000000000
P105-PWY: TCA cycle IV (2-oxoglutarate decarboxylase)|unclassified	0.0000000000
PWY-702: L-methionine biosynthesis II	0.0000000000
PWY-702: L-methionine biosynthesis II|g__Blautia.s__Ruminococcus_torques	0.0175065511
PWY0-1298: superpathway of pyrimidine deoxyribonucleosides degradation	0.0000000000
PWY0-1298: superpathway of pyrimidine deoxyribonucleosides degradation|unclassified	0.0000000000
PWY0-1479: tRNA processing	0.0000000000
P161-PWY: acetylene degradation (anaerobic)	0.0000000000
PWY0-1477: ethanolamine utilization	0.0000000000
PWY0-1477: ethanolamine utilization|g__Blautia.s__Blautia_obeum	0.0000034405
PWY-6590: superpathway of Clostridium acetobutylicum acidogenic fermentation	0.0000000000
PWY-6353: purine nucleotides degradation II (aerobic)	0.0000000000
PWY-6906: chitin derivatives degradation	0.0000000000
PWY-7117: C4 photosynthetic carbon assimilation cycle, PEPCK type	0.0000000000
PWY-7013: (S)-propane-1,2-diol degradation	0.0000000000
PWY-7013: (S)-propane-1,2-diol degradation|unclassified	0.0000000000
PWY-6292: superpathway of L-cysteine biosynthesis (mammalian)	0.0000000000
PWY-6292: superpathway of L-cysteine biosynthesis (mammalian)|unclassified	0.0000000000
PWY-5676: acetyl-CoA fermentation to butanoate II	0.0000000000
PWY-7315: dTDP-N-acetylthomosamine biosynthesis	0.0000000000
PWY-7315: dTDP-N-acetylthomosamine biosynthesis|g__Asaccharobacter.s__Asaccharobacter_celatus	0.5180632621
CENTFERM-PWY: pyruvate fermentation to butanoate	0.0000000000
PWY-241: C4 photosynthetic carbon assimilation cycle, NADP-ME type	0.0000000000
P185-PWY: formaldehyde assimilation III (dihydroxyacetone cycle)	0.0000000000
PWY0-1241: ADP-L-glycero-&beta;-D-manno-heptose biosynthesis	0.0000000000
PWY-6606: guanosine nucleotides degradation II	0.0000000000
PYRIDNUCSAL-PWY: NAD salvage pathway I (PNC VI cycle)	0.0000000000
PWY1ZNC-1: assimilatory sulfate reduction IV	0.0000000000
PWY-5913: partial TCA cycle (obligate autotrophs)	0.0000000000
GOLPDLCAT-PWY: superpathway of glycerol degradation to 1,3-propanediol	0.0000000000
SALVADEHYPOX-PWY: adenosine nucleotides degradation II	0.0000000000
METHGLYUT-PWY: superpathway of methylglyoxal degradation	0.0000000000
PWY-6595: superpathway of guanosine nucleotides degradation (plants)	0.0000000000
PWY3O-4107: NAD salvage pathway V (PNC V cycle)	0.0000000000
PWY3O-4107: NAD salvage pathway V (PNC V cycle)|unclassified	0.0000000000
PWY-6607: guanosine nucleotides degradation I	0.0000000000